pred_gap,fail
-2.900554,1
-2.653536,1
-1.9893792,1
-1.7746485,1
-1.7693702,1
-1.7591145,1
-1.7273196,1
-1.6717803,1
-1.656728,0
-1.6128676,1
-1.577328,1
-1.5572298,1
-1.5003464,1
-1.481747,1
-1.4103229,0
-1.4071593,1
-1.3882833,0
-1.3732445,1
-1.3617678,1
-1.3554727,1
-1.3500444,1
-1.3380017,0
-1.3369209,1
-1.3320853,0
-1.3094918,1
-1.3016652,0
-1.2966001,0
-1.2918894,0
-1.2899034,1
-1.2889351,1
-1.28179,1
-1.2749313,1
-1.2660393,1
-1.2628036,0
-1.2577667,1
-1.252987,1
-1.2497296,1
-1.2450702,1
-1.240875,0
-1.2366723,1
-1.2333356,1
-1.228893,0
-1.2257729,1
-1.2233266,1
-1.2215,1
-1.2168658,0
-1.2158753,0
-1.2089822,1
-1.2057245,1
-1.1816971,1
-1.1755714,1
-1.1692529,0
-1.1656375,1
-1.163558,1
-1.1606643,1
-1.1571213,1
-1.1496078,1
-1.147512,0
-1.1458719,0
-1.1452557,1
-1.1363844,1
-1.1348841,1
-1.1297634,1
-1.1252474,0
-1.1225643,1
-1.1223968,1
-1.1182896,1
-1.1065124,0
-1.106309,1
-1.1062264,0
-1.1042068,1
-1.1001368,0
-1.0946689,1
-1.0898564,0
-1.0872511,1
-1.0770633,1
-1.0749044,0
-1.0745986,1
-1.072675,1
-1.0725,0
-1.0688863,1
-1.06884,0
-1.0668339,0
-1.0662262,0
-1.0598856,0
-1.0544122,0
-1.0531126,1
-1.0528448,0
-1.0501276,0
-1.0482035,1
-1.0464946,0
-1.0415388,1
-1.0342274,0
-1.0309495,0
-1.0284569,1
-1.0254017,1
-1.0250317,0
-1.0247498,0
-1.0236391,1
-1.0221608,0
-1.0213261,1
-1.0208637,0
-1.0185368,1
-1.0185189,0
-1.0159107,0
-1.0155842,1
-1.0102035,0
-1.0082383,1
-1.0057063,1
-1.0042243,0
-0.9961699,0
-0.9950409,0
-0.9931287,0
-0.990016,1
-0.9898319,0
-0.98531854,1
-0.9847263,0
-0.9842559,1
-0.98172903,0
-0.97861004,1
-0.97684115,0
-0.97672033,0
-0.9762615,1
-0.97392505,1
-0.9732093,1
-0.97296965,1
-0.9702541,1
-0.9646282,1
-0.9624164,1
-0.96208894,1
-0.9612261,0
-0.9603623,1
-0.95831025,1
-0.9560211,1
-0.95352674,0
-0.9534564,0
-0.9523334,1
-0.9506719,0
-0.94608605,1
-0.94603086,1
-0.9411675,1
-0.9409621,0
-0.93923426,0
-0.938369,1
-0.93637455,1
-0.93538034,1
-0.9323909,1
-0.9318832,1
-0.9303509,1
-0.9299158,1
-0.9217609,1
-0.92057836,0
-0.91841257,0
-0.9177962,1
-0.9165154,1
-0.91362226,0
-0.91143775,1
-0.91121197,0
-0.90947896,0
-0.90831393,1
-0.9074208,0
-0.90514255,0
-0.9039873,0
-0.9015335,1
-0.9002644,0
-0.8987992,0
-0.8987608,0
-0.8978652,0
-0.8973234,1
-0.8967796,1
-0.8951205,0
-0.89504194,1
-0.8949093,1
-0.8946312,0
-0.89400804,0
-0.89366597,0
-0.8935313,1
-0.8931656,0
-0.8926261,0
-0.8909274,1
-0.8857624,1
-0.88349843,1
-0.883176,1
-0.88286746,1
-0.8827003,0
-0.88183916,1
-0.88105214,0
-0.8809072,0
-0.8808013,0
-0.8788219,1
-0.8787218,1
-0.87614846,1
-0.87288886,1
-0.8719457,1
-0.871232,0
-0.8706766,1
-0.8689492,0
-0.8677409,0
-0.86769867,1
-0.8661477,0
-0.8657173,1
-0.86494815,0
-0.86266243,0
-0.86207056,0
-0.85989493,0
-0.8584664,1
-0.8580506,0
-0.85628086,0
-0.8539568,0
-0.8537727,0
-0.85328966,1
-0.8527947,1
-0.8520524,1
-0.8512193,0
-0.851167,1
-0.84978855,1
-0.8494246,0
-0.846142,0
-0.8452538,1
-0.84448016,1
-0.8424321,1
-0.8418808,0
-0.8416693,1
-0.8406775,0
-0.8383554,0
-0.83835524,0
-0.83758664,0
-0.83479977,0
-0.83207464,1
-0.8319824,0
-0.82858723,0
-0.8276856,1
-0.82688236,1
-0.8265684,1
-0.8256979,1
-0.824687,0
-0.8239049,0
-0.82357866,0
-0.821769,0
-0.8217111,1
-0.82102156,0
-0.8204167,0
-0.82034063,0
-0.81995803,1
-0.81959546,1
-0.8180449,1
-0.8180275,1
-0.8145059,1
-0.81334865,0
-0.811118,1
-0.81094396,1
-0.8090768,0
-0.8079225,1
-0.8055917,0
-0.8044769,0
-0.80175877,1
-0.79789966,0
-0.7950971,1
-0.7939591,0
-0.7927296,1
-0.79227436,1
-0.7896813,0
-0.78852165,0
-0.7885012,1
-0.788089,1
-0.7868938,1
-0.78086543,1
-0.78037983,0
-0.7790345,0
-0.7787745,0
-0.77823627,0
-0.7767359,1
-0.7759578,1
-0.77346724,0
-0.7734008,0
-0.77319527,1
-0.77302295,0
-0.77271837,0
-0.7719561,1
-0.7711964,0
-0.76984024,0
-0.7680757,0
-0.76774263,1
-0.7667221,0
-0.7656299,1
-0.7645323,1
-0.7635128,1
-0.7634649,1
-0.7633348,0
-0.762973,1
-0.76208186,0
-0.76125455,0
-0.7601933,1
-0.7596241,0
-0.758884,0
-0.7586887,0
-0.75784874,0
-0.75774074,1
-0.75700957,1
-0.7564781,0
-0.7559102,0
-0.7558528,0
-0.7547176,1
-0.754266,1
-0.7541678,1
-0.75261486,1
-0.75237536,1
-0.7516952,1
-0.7503194,0
-0.7498821,1
-0.74812347,0
-0.7438824,0
-0.74354273,1
-0.7430159,0
-0.74259526,0
-0.742241,1
-0.7420237,1
-0.7420114,1
-0.7413388,0
-0.7408939,1
-0.7404173,0
-0.7385902,0
-0.73843265,1
-0.7363047,1
-0.7360625,0
-0.7352495,0
-0.7341607,0
-0.7329623,1
-0.7327969,0
-0.730971,0
-0.7292414,0
-0.72842276,0
-0.72803336,0
-0.7266265,1
-0.7254755,0
-0.7246909,0
-0.7245961,1
-0.7238234,0
-0.7222969,0
-0.7221981,0
-0.7218357,0
-0.7210485,0
-0.72049665,1
-0.719867,0
-0.7198351,1
-0.7177763,1
-0.71548223,0
-0.7146335,0
-0.71444446,0
-0.71311396,1
-0.7123165,1
-0.71070117,1
-0.7095196,0
-0.7094302,1
-0.7070686,0
-0.7054988,1
-0.70435244,0
-0.70175385,0
-0.70011073,1
-0.6982589,0
-0.697773,1
-0.69644344,0
-0.696335,0
-0.6954142,1
-0.6941477,0
-0.69376206,0
-0.6922038,0
-0.6920984,1
-0.69163513,0
-0.691089,0
-0.68852746,0
-0.6884204,0
-0.68822736,0
-0.68683434,1
-0.68683094,0
-0.6856094,1
-0.6854296,1
-0.6845991,0
-0.6843247,1
-0.6830493,1
-0.6822655,1
-0.68164015,0
-0.6814538,0
-0.6770561,0
-0.6763251,0
-0.6758018,1
-0.6748069,1
-0.67459846,0
-0.67377186,0
-0.6728665,0
-0.67230767,0
-0.67131233,0
-0.6712534,0
-0.67095095,0
-0.6702447,1
-0.66924286,0
-0.6691172,0
-0.669116,1
-0.6683588,0
-0.6674071,0
-0.6672883,1
-0.66709036,1
-0.66689754,0
-0.6668647,1
-0.6668575,0
-0.66677463,0
-0.6663171,1
-0.66625404,0
-0.6653373,0
-0.66516876,0
-0.66446996,0
-0.6643553,1
-0.66306794,0
-0.6617555,0
-0.6616876,0
-0.66162395,1
-0.6615232,0
-0.66117036,0
-0.6604334,1
-0.66031104,1
-0.6594106,0
-0.659256,1
-0.65917665,0
-0.6562954,1
-0.6558504,0
-0.6540698,0
-0.65378976,0
-0.6521256,1
-0.6521249,1
-0.6515239,0
-0.64928365,1
-0.64850944,0
-0.64812183,1
-0.64759487,0
-0.6474776,0
-0.6470752,1
-0.6467032,0
-0.6457871,1
-0.64509594,0
-0.6444653,0
-0.6442801,0
-0.6439592,0
-0.643894,1
-0.6438697,0
-0.64368707,1
-0.64259005,0
-0.64229363,0
-0.6409507,0
-0.6408276,0
-0.64042735,0
-0.63994193,1
-0.6390861,0
-0.6390181,0
-0.6376624,1
-0.63749754,1
-0.63699496,0
-0.63666946,0
-0.6361085,0
-0.63609064,1
-0.6347532,0
-0.63463944,1
-0.6343814,0
-0.6336811,0
-0.6323106,0
-0.6321957,0
-0.6320406,0
-0.63191545,1
-0.63168734,0
-0.6300627,1
-0.6293919,1
-0.6292075,1
-0.628394,1
-0.6271889,0
-0.62679076,0
-0.6261139,1
-0.6257624,0
-0.62535846,1
-0.6251726,0
-0.6251278,0
-0.6243023,0
-0.6240581,1
-0.62390304,0
-0.623044,0
-0.62291455,0
-0.62272197,1
-0.6223272,0
-0.6223109,1
-0.6214671,1
-0.6209154,0
-0.6208844,0
-0.620478,0
-0.62042516,0
-0.6203361,1
-0.61998177,0
-0.6198594,0
-0.61979425,1
-0.61921984,0
-0.6191206,0
-0.6182468,1
-0.618175,0
-0.61708385,0
-0.61499894,1
-0.6146286,0
-0.6129186,0
-0.612435,1
-0.61159444,0
-0.60985446,0
-0.60808164,0
-0.606847,0
-0.6067295,0
-0.6063925,1
-0.60547864,0
-0.6051872,0
-0.60452527,1
-0.60395074,1
-0.6026896,0
-0.6025187,1
-0.6024618,0
-0.60219705,1
-0.6021043,0
-0.6018538,0
-0.6018485,0
-0.6018035,1
-0.6015471,1
-0.60106623,0
-0.60100347,0
-0.60073423,0
-0.6004624,0
-0.6000966,0
-0.5996762,0
-0.5995184,1
-0.59896374,0
-0.5989603,0
-0.5987568,0
-0.5986912,0
-0.5985524,0
-0.59693635,0
-0.59665704,0
-0.59601736,0
-0.5948356,0
-0.5944926,1
-0.5943193,1
-0.5942091,0
-0.5935606,1
-0.5931867,1
-0.5924263,0
-0.5924185,0
-0.59206223,1
-0.5920535,0
-0.59111035,0
-0.59009695,0
-0.5900568,0
-0.589875,0
-0.58965886,1
-0.5881962,0
-0.58787084,0
-0.5874505,0
-0.58711874,0
-0.58694255,1
-0.58587724,1
-0.58566725,1
-0.58531,0
-0.5847297,1
-0.5842024,0
-0.5840877,0
-0.5840858,0
-0.5835058,0
-0.58265543,0
-0.5821582,1
-0.5803702,0
-0.57989156,0
-0.5793935,1
-0.5788152,1
-0.57861567,0
-0.5764279,1
-0.5760915,0
-0.5757535,1
-0.57543087,1
-0.5751073,0
-0.57445157,1
-0.5741838,1
-0.57398075,1
-0.5739681,0
-0.57347625,0
-0.57321703,0
-0.57291305,1
-0.57279223,0
-0.5716565,0
-0.5708442,0
-0.5700871,0
-0.5696398,0
-0.5682264,0
-0.56800085,1
-0.5676527,0
-0.56744504,0
-0.56709665,0
-0.5667682,0
-0.56672424,1
-0.5643196,0
-0.5641287,0
-0.5634983,1
-0.5631292,0
-0.56302834,0
-0.5625407,0
-0.56210333,1
-0.56189895,0
-0.5613568,0
-0.5593014,0
-0.5579362,0
-0.5578867,0
-0.55786896,0
-0.55762863,0
-0.55699337,0
-0.556798,0
-0.55631423,0
-0.5562658,0
-0.5557714,0
-0.55576026,0
-0.55563504,0
-0.55470586,0
-0.5546166,0
-0.5537084,0
-0.55368906,0
-0.5532979,1
-0.55139124,0
-0.5513507,1
-0.5513123,1
-0.5508832,0
-0.55063283,0
-0.55001485,0
-0.5489249,0
-0.54875886,1
-0.5480845,0
-0.5480773,1
-0.54795635,1
-0.54743016,0
-0.5473737,0
-0.5473573,0
-0.54630053,0
-0.5453118,0
-0.5449842,0
-0.54448944,1
-0.5437552,1
-0.54373544,0
-0.54356986,0
-0.54280543,0
-0.54191643,0
-0.5407841,1
-0.54059416,1
-0.5402507,0
-0.5395275,1
-0.539518,0
-0.5393493,1
-0.53923583,0
-0.53872293,0
-0.53847057,0
-0.5384465,0
-0.5382388,1
-0.5375904,0
-0.537518,0
-0.5375037,0
-0.5373312,0
-0.5372298,0
-0.53674936,0
-0.53669935,0
-0.53611517,0
-0.53605473,0
-0.535919,0
-0.5356286,0
-0.5356101,1
-0.53537023,1
-0.53534365,0
-0.5342616,0
-0.53407764,0
-0.53384495,1
-0.5334378,1
-0.5333414,0
-0.5330569,0
-0.5318705,0
-0.5316705,0
-0.53137165,0
-0.53124464,0
-0.53055227,1
-0.53002816,1
-0.5282768,0
-0.52824163,0
-0.52798015,1
-0.5274782,1
-0.52572,1
-0.5256382,1
-0.52560264,1
-0.5250256,0
-0.5247688,1
-0.52418655,0
-0.5235225,0
-0.5231606,0
-0.5231513,1
-0.5230722,0
-0.5227179,0
-0.5224589,0
-0.5221653,0
-0.5220574,0
-0.5207244,0
-0.52069616,0
-0.5205928,1
-0.5205451,0
-0.5203676,0
-0.52025366,1
-0.5200139,0
-0.5198437,0
-0.5196435,0
-0.5194061,0
-0.5192119,0
-0.5190549,0
-0.51901233,0
-0.51870984,0
-0.5186878,1
-0.5182049,0
-0.5181062,0
-0.5171121,0
-0.51662755,0
-0.5163168,0
-0.5155914,0
-0.515278,1
-0.5149319,1
-0.51439315,0
-0.51431644,0
-0.51421124,0
-0.5117559,0
-0.51151323,0
-0.51074713,1
-0.5106168,0
-0.50969887,0
-0.5076729,0
-0.50745547,0
-0.50738555,0
-0.50693536,1
-0.5051929,1
-0.5044885,1
-0.50430197,0
-0.5035705,1
-0.5032792,1
-0.5031957,0
-0.50304234,0
-0.5027983,0
-0.5026972,0
-0.5025053,0
-0.5024691,1
-0.50237966,1
-0.5019491,0
-0.50156415,0
-0.50100356,0
-0.4999044,0
-0.49893403,0
-0.49881905,0
-0.497351,1
-0.49712282,0
-0.4967129,1
-0.49644446,0
-0.49582756,0
-0.49581832,0
-0.4953874,1
-0.49517667,0
-0.49488243,1
-0.4945045,0
-0.49354786,0
-0.4930536,0
-0.49303567,1
-0.49281847,1
-0.49257416,1
-0.49234176,0
-0.49188197,0
-0.49100363,1
-0.4909309,0
-0.49073082,1
-0.49051684,0
-0.49003673,0
-0.48992443,0
-0.48952574,0
-0.4895159,0
-0.48888928,1
-0.48856503,0
-0.488206,0
-0.48818186,0
-0.48811367,0
-0.48788553,0
-0.48768485,0
-0.48744136,0
-0.487269,0
-0.4871537,0
-0.48682868,1
-0.4866361,0
-0.48660547,0
-0.48630857,0
-0.48624137,0
-0.48556453,1
-0.48542726,0
-0.4853609,0
-0.48535788,0
-0.48531067,0
-0.4851638,1
-0.4845419,0
-0.4838434,1
-0.48371112,1
-0.48360717,0
-0.48358357,0
-0.48333246,0
-0.48299032,0
-0.48290744,1
-0.4828692,0
-0.4825902,0
-0.48194402,1
-0.4816971,0
-0.48164797,0
-0.481045,0
-0.48040658,0
-0.48020622,0
-0.4798997,0
-0.4794328,1
-0.47908965,0
-0.47865307,0
-0.4781006,0
-0.47808248,0
-0.47787237,0
-0.4769116,0
-0.47670716,0
-0.47653377,0
-0.47610033,0
-0.47500074,1
-0.47497952,0
-0.47445732,1
-0.47435194,0
-0.4743387,0
-0.47420546,1
-0.47386932,0
-0.47360218,0
-0.4734126,0
-0.47323763,0
-0.47320485,0
-0.47277802,0
-0.47265857,1
-0.47250903,0
-0.47216082,0
-0.4721247,0
-0.47182816,0
-0.471375,1
-0.47083446,0
-0.47046274,0
-0.47037596,0
-0.4699882,1
-0.46992248,0
-0.4695862,0
-0.46936035,0
-0.4688989,0
-0.46875036,0
-0.4686882,0
-0.46862563,0
-0.4685967,0
-0.46852964,1
-0.4679197,0
-0.46773255,0
-0.46700114,1
-0.4669739,1
-0.46664542,0
-0.46657,0
-0.46656728,0
-0.4665296,0
-0.46644887,0
-0.46582156,1
-0.46580943,0
-0.4657767,0
-0.4657365,0
-0.46510094,0
-0.4646225,0
-0.46455514,0
-0.4639706,1
-0.46378827,0
-0.4637112,0
-0.46368665,0
-0.4635873,1
-0.4618709,0
-0.46176344,1
-0.4617474,0
-0.461693,1
-0.4616279,1
-0.4613363,0
-0.4611735,0
-0.4610708,0
-0.46034688,0
-0.4603157,0
-0.46024895,1
-0.4601546,0
-0.4600462,0
-0.45981193,0
-0.4597841,1
-0.45946935,1
-0.45810288,0
-0.45808816,1
-0.4580809,1
-0.4579016,1
-0.45774925,0
-0.45753804,1
-0.4574077,1
-0.45731848,1
-0.4569049,0
-0.4561708,0
-0.45590732,0
-0.45566213,0
-0.45531604,1
-0.45524138,0
-0.45513755,0
-0.45502234,0
-0.45451385,1
-0.45380643,0
-0.45352092,0
-0.4534263,0
-0.45325214,0
-0.45296192,0
-0.45285577,0
-0.4526822,1
-0.45233113,1
-0.45154828,0
-0.45133305,0
-0.4509511,0
-0.4503473,0
-0.45008194,0
-0.44978106,0
-0.4495389,0
-0.44941705,1
-0.44925618,0
-0.44923204,0
-0.44842613,0
-0.44813916,0
-0.4476143,0
-0.44715303,0
-0.44708154,0
-0.44698417,0
-0.4463295,0
-0.44614166,0
-0.44557166,0
-0.4451048,1
-0.44446638,1
-0.44434977,0
-0.4441452,0
-0.44390166,1
-0.4436599,0
-0.44354165,0
-0.443403,0
-0.4433912,0
-0.44274926,0
-0.44219455,0
-0.44100517,0
-0.4407959,0
-0.44075263,0
-0.44047657,0
-0.44042885,1
-0.4403878,0
-0.4403658,1
-0.44024274,0
-0.44021273,0
-0.43973,1
-0.43953073,0
-0.4394877,0
-0.43944132,0
-0.43893906,0
-0.4389227,0
-0.43870014,0
-0.43826848,0
-0.43821853,1
-0.43812898,0
-0.43811196,0
-0.43726182,0
-0.43696344,0
-0.4365443,0
-0.4365381,0
-0.4363365,0
-0.43618238,1
-0.43526667,0
-0.43525577,0
-0.43504003,0
-0.43372202,0
-0.4337091,0
-0.4326673,0
-0.4324454,0
-0.43201268,0
-0.43186426,0
-0.43111375,0
-0.43084735,0
-0.43073714,0
-0.4306224,0
-0.43048036,1
-0.430283,0
-0.43024415,1
-0.43023616,0
-0.43002036,0
-0.42960277,0
-0.42933026,0
-0.42901862,0
-0.42853105,0
-0.42807925,1
-0.4277336,0
-0.427175,1
-0.4271493,0
-0.42670608,0
-0.4263212,0
-0.4263182,0
-0.4251626,0
-0.4250023,1
-0.42484045,1
-0.42421746,0
-0.42405188,0
-0.42391396,0
-0.42380345,0
-0.42379808,0
-0.42365476,0
-0.42353725,0
-0.42329037,0
-0.42328537,0
-0.4228782,1
-0.42257184,0
-0.42253968,0
-0.4223106,0
-0.4220199,1
-0.4216862,0
-0.42167634,0
-0.42143068,1
-0.42131352,0
-0.4210559,0
-0.42105013,0
-0.42053843,0
-0.42047346,0
-0.42027175,0
-0.42015475,0
-0.41971195,0
-0.41948748,0
-0.4192631,0
-0.4190068,1
-0.41786414,1
-0.4177919,0
-0.41775477,1
-0.4174192,1
-0.417401,0
-0.4172994,0
-0.4172364,1
-0.41648683,0
-0.4159484,1
-0.41560778,1
-0.41421226,0
-0.41410637,0
-0.41298893,0
-0.41213775,0
-0.41213742,0
-0.4115934,0
-0.4113223,0
-0.41088438,0
-0.41034055,1
-0.41024894,0
-0.4095614,0
-0.4094056,0
-0.40931392,0
-0.40910375,0
-0.4090103,0
-0.40870318,0
-0.40824568,1
-0.40794075,1
-0.40764755,0
-0.40746045,0
-0.4068504,0
-0.40652692,0
-0.4059838,0
-0.40588972,0
-0.4058838,0
-0.40549767,0
-0.40471733,0
-0.40354848,0
-0.40352973,0
-0.40339386,0
-0.4031704,0
-0.40298414,0
-0.4029406,0
-0.40282363,0
-0.40281624,0
-0.40255356,1
-0.4023757,0
-0.40234262,0
-0.4020223,0
-0.4019534,0
-0.40139657,1
-0.40132892,0
-0.40107644,0
-0.40098727,0
-0.40038538,0
-0.4000225,0
-0.39998046,0
-0.39953953,0
-0.39949977,0
-0.39879787,1
-0.39879346,1
-0.39840958,1
-0.39830393,0
-0.3982608,0
-0.39824986,0
-0.39807177,1
-0.39803025,0
-0.3976586,0
-0.3975458,0
-0.39752376,0
-0.39709082,0
-0.3969796,1
-0.39686906,0
-0.3962072,0
-0.39580584,0
-0.39569765,0
-0.39535213,0
-0.3951778,0
-0.39475965,0
-0.3945577,0
-0.39436772,0
-0.394145,0
-0.39356953,0
-0.3934577,0
-0.39335608,0
-0.39314842,0
-0.39284468,0
-0.3927406,0
-0.39249074,0
-0.39239657,0
-0.39236927,1
-0.39212555,0
-0.3920066,1
-0.39172748,0
-0.3917064,0
-0.3916268,0
-0.39009872,0
-0.38990232,1
-0.38984728,1
-0.38958734,1
-0.3894999,0
-0.38932633,0
-0.38899928,0
-0.38863766,0
-0.38860667,0
-0.3884965,1
-0.38815814,0
-0.3880462,0
-0.3874886,1
-0.38721436,0
-0.38582817,0
-0.3854303,0
-0.38496256,0
-0.38456568,0
-0.38439065,0
-0.3840742,0
-0.3839668,0
-0.38363653,1
-0.3834844,1
-0.38310307,0
-0.38261318,0
-0.38228697,0
-0.38225842,0
-0.38196167,0
-0.38193727,0
-0.3816456,0
-0.3814651,1
-0.38031876,0
-0.3803063,0
-0.38018548,0
-0.379888,0
-0.37987876,0
-0.37976384,0
-0.37930244,0
-0.37906766,0
-0.37863547,0
-0.378204,0
-0.37768182,0
-0.37762436,0
-0.37744322,0
-0.3764469,1
-0.37636772,0
-0.3763092,1
-0.3761954,0
-0.3758723,0
-0.37579915,1
-0.3755306,1
-0.37552476,1
-0.37534273,0
-0.37494904,0
-0.3747928,0
-0.3742566,0
-0.37420112,0
-0.37395176,1
-0.3739285,0
-0.3738647,1
-0.37377477,0
-0.37340748,0
-0.37260473,0
-0.37255585,0
-0.37248957,0
-0.3724538,0
-0.3722368,1
-0.37213773,1
-0.37147152,0
-0.37119198,0
-0.3710438,0
-0.37059075,0
-0.37053213,1
-0.37040147,0
-0.36981636,0
-0.36979806,0
-0.3697173,0
-0.3697009,0
-0.36958286,0
-0.36930686,0
-0.36911643,0
-0.3691007,1
-0.36869562,0
-0.3682356,1
-0.3679008,0
-0.3676808,0
-0.36758664,0
-0.3674643,0
-0.36746126,0
-0.36734167,0
-0.3673352,0
-0.36731794,1
-0.366959,1
-0.36678842,0
-0.36652663,1
-0.3663196,1
-0.36627844,0
-0.36621583,0
-0.3661787,0
-0.36607355,0
-0.36576498,0
-0.36559403,0
-0.36553243,1
-0.3650027,0
-0.36482632,0
-0.36470908,0
-0.36391708,0
-0.36385417,0
-0.36366546,0
-0.3633106,0
-0.3629247,1
-0.36261064,0
-0.36257797,0
-0.36115986,0
-0.36107767,0
-0.36074483,1
-0.36070707,0
-0.36030602,0
-0.35961866,0
-0.35934272,1
-0.35928777,0
-0.35906938,1
-0.3588773,1
-0.35860777,0
-0.357826,0
-0.3573259,0
-0.35724342,0
-0.3567115,0
-0.35641408,0
-0.35618234,0
-0.35588998,1
-0.35557032,0
-0.3554675,0
-0.355049,0
-0.35431212,0
-0.3542334,0
-0.3539486,0
-0.35374463,0
-0.35370234,0
-0.35369813,0
-0.3531314,0
-0.3529387,0
-0.35277215,0
-0.35215566,0
-0.35200033,0
-0.35198414,0
-0.3514049,0
-0.35131508,0
-0.3512491,1
-0.35118148,0
-0.3511447,0
-0.3510421,1
-0.35087395,0
-0.35075676,1
-0.35021675,0
-0.34976125,0
-0.3497197,1
-0.34918553,0
-0.3491797,0
-0.3490261,0
-0.3486238,0
-0.34848505,1
-0.34847587,1
-0.3483094,1
-0.34815285,0
-0.3480024,0
-0.34797832,0
-0.34698159,0
-0.34687832,1
-0.34673792,1
-0.34661973,0
-0.34660685,0
-0.34660187,0
-0.34632403,1
-0.3462624,0
-0.34612608,0
-0.34574562,0
-0.3456297,0
-0.34561002,1
-0.3451209,0
-0.34491444,0
-0.3447868,0
-0.34459257,0
-0.34440783,1
-0.34410083,0
-0.34393787,0
-0.3439255,0
-0.34386683,0
-0.34373194,0
-0.34362486,1
-0.34324825,0
-0.34313747,0
-0.3429849,1
-0.34223974,0
-0.34182215,0
-0.3415813,1
-0.3412721,0
-0.34111184,0
-0.3409787,1
-0.34083843,0
-0.34077245,0
-0.34054977,0
-0.34041774,0
-0.34027588,1
-0.34021732,0
-0.34011567,0
-0.33981323,0
-0.3394826,0
-0.33945787,0
-0.33900678,0
-0.3384602,0
-0.33834365,0
-0.33828163,0
-0.33766407,0
-0.33753717,0
-0.3373407,0
-0.33715683,0
-0.33715472,0
-0.3370851,1
-0.33637434,0
-0.33629036,0
-0.33619848,0
-0.33604676,0
-0.33599102,0
-0.33591843,0
-0.33589578,0
-0.3352816,1
-0.33506447,0
-0.33499116,0
-0.3339913,0
-0.3333382,0
-0.33304888,1
-0.33297276,0
-0.3329261,0
-0.3328253,0
-0.33281207,0
-0.33258885,0
-0.3324644,0
-0.33222914,0
-0.33190536,1
-0.3318665,0
-0.33177263,0
-0.33146694,0
-0.33133578,0
-0.3313104,0
-0.33095187,1
-0.3308133,0
-0.33079463,0
-0.3306648,0
-0.33039284,0
-0.33022127,0
-0.33020893,0
-0.33018133,0
-0.32987133,0
-0.3297392,0
-0.32972693,0
-0.32960543,0
-0.32954013,1
-0.32937807,0
-0.32925355,0
-0.3291068,0
-0.32880348,0
-0.3287055,0
-0.32833204,1
-0.32830983,0
-0.32828987,0
-0.3280812,1
-0.3278337,0
-0.32766086,0
-0.32763222,1
-0.32756132,0
-0.32733625,0
-0.32673377,0
-0.32673362,0
-0.3265662,0
-0.32636195,0
-0.32620123,0
-0.32603675,0
-0.32561296,0
-0.32550666,0
-0.32530844,1
-0.3248666,0
-0.32486212,0
-0.32484412,0
-0.32448554,1
-0.32442504,1
-0.3241626,0
-0.3240465,0
-0.32388198,0
-0.32361126,0
-0.32347643,1
-0.32342136,0
-0.32325983,0
-0.32297027,1
-0.32285556,0
-0.3225996,0
-0.32197475,0
-0.3219515,0
-0.32192886,0
-0.32169276,0
-0.32159454,1
-0.32132852,0
-0.32127705,0
-0.32100025,0
-0.32061446,0
-0.32059345,1
-0.32044792,0
-0.31990555,0
-0.31987476,0
-0.31971008,0
-0.3193397,1
-0.31923723,0
-0.3188073,0
-0.31861433,0
-0.31816712,0
-0.3180652,0
-0.31804538,0
-0.317981,0
-0.3179592,0
-0.31780106,0
-0.31777143,0
-0.3176481,0
-0.31751078,1
-0.31708434,0
-0.31703925,0
-0.31690335,0
-0.3167225,0
-0.31663018,0
-0.31660342,0
-0.3162644,1
-0.31624767,1
-0.3162287,0
-0.31521285,0
-0.31518835,0
-0.31509343,0
-0.31503674,0
-0.3149681,0
-0.31492195,1
-0.31467715,0
-0.31449366,0
-0.31418106,0
-0.31405574,1
-0.31392792,1
-0.31386566,0
-0.31382558,0
-0.31379676,0
-0.3137573,1
-0.31342638,0
-0.31327704,0
-0.31309012,0
-0.3126418,0
-0.31260532,0
-0.31256282,0
-0.31232944,0
-0.31228814,0
-0.312101,0
-0.31206825,0
-0.3119598,0
-0.31158608,0
-0.3115421,0
-0.31142223,0
-0.31126767,0
-0.31105316,0
-0.31094646,0
-0.31066597,0
-0.3104909,0
-0.31044087,0
-0.31009826,0
-0.3098069,0
-0.30967164,0
-0.3095985,1
-0.30953354,0
-0.30914038,1
-0.30910438,0
-0.30900252,0
-0.308815,0
-0.30880588,1
-0.30871964,0
-0.30866235,0
-0.3083412,0
-0.3081902,0
-0.3074175,0
-0.30700448,0
-0.30674124,1
-0.30672568,0
-0.30667764,0
-0.30660263,0
-0.3061518,1
-0.30613902,0
-0.3059036,1
-0.30589843,0
-0.3057145,0
-0.30556238,0
-0.30541882,1
-0.30533934,0
-0.30527937,0
-0.30523467,0
-0.30514723,0
-0.3050915,0
-0.30498454,0
-0.3049686,0
-0.304888,0
-0.30464518,0
-0.3046006,0
-0.3044412,0
-0.3040774,0
-0.30400968,0
-0.30355167,0
-0.30320734,0
-0.3030624,0
-0.3027506,0
-0.30272222,0
-0.30250755,0
-0.30196863,1
-0.30193022,0
-0.30187285,0
-0.3017068,0
-0.3016553,0
-0.30137134,1
-0.30122513,0
-0.3011101,0
-0.30065417,0
-0.30042243,0
-0.30036706,0
-0.30036342,0
-0.30029544,0
-0.30029434,0
-0.30026615,0
-0.2999816,0
-0.29969263,0
-0.29963666,0
-0.29921746,0
-0.29872462,1
-0.2983899,1
-0.2974768,0
-0.29747435,0
-0.29743066,0
-0.29673603,0
-0.2964983,1
-0.2964548,0
-0.29634553,1
-0.29622954,1
-0.29621077,0
-0.29619464,0
-0.29586935,0
-0.29560924,0
-0.29556307,0
-0.29555935,0
-0.29548004,0
-0.2954695,1
-0.29528797,0
-0.29520404,1
-0.2949005,0
-0.2948438,0
-0.29458305,0
-0.2945528,0
-0.29433358,0
-0.29431593,0
-0.294182,0
-0.29416853,0
-0.29403755,0
-0.2940023,0
-0.29397106,0
-0.29376233,0
-0.2934425,0
-0.2934074,0
-0.29338375,0
-0.2933098,0
-0.29324883,0
-0.2929433,0
-0.29286635,0
-0.29243827,0
-0.29219055,0
-0.29142866,0
-0.2913633,0
-0.29102445,0
-0.290987,0
-0.29076612,0
-0.290646,0
-0.29061309,0
-0.29043376,0
-0.29039404,0
-0.28948092,0
-0.289426,0
-0.28941813,1
-0.28939322,0
-0.28930852,1
-0.2892118,0
-0.28910786,0
-0.2890793,0
-0.28878698,0
-0.28871134,0
-0.28811574,0
-0.28805012,1
-0.28797567,1
-0.2878002,0
-0.28769004,0
-0.28765202,0
-0.287614,0
-0.28733355,0
-0.28720748,0
-0.28720677,1
-0.28719997,0
-0.28693718,0
-0.28683853,0
-0.28682888,0
-0.28660712,1
-0.28644872,0
-0.286323,0
-0.28629214,0
-0.28629076,0
-0.28599277,1
-0.28582966,0
-0.2855729,0
-0.285343,0
-0.28521293,0
-0.28517008,0
-0.28499553,0
-0.28493243,0
-0.2848068,1
-0.28453007,0
-0.28451738,0
-0.28427464,0
-0.28418362,0
-0.28399348,1
-0.28396717,0
-0.28372118,0
-0.28340703,0
-0.28333312,0
-0.28327474,1
-0.283272,0
-0.28323722,0
-0.2829898,0
-0.2829001,1
-0.2828402,0
-0.28260493,0
-0.28260028,0
-0.28230703,0
-0.28207797,0
-0.28201425,0
-0.28175616,0
-0.2815879,0
-0.28156522,0
-0.28140372,0
-0.28120542,0
-0.28061154,0
-0.28057557,0
-0.28056347,0
-0.28048214,0
-0.28047073,0
-0.28019318,0
-0.27981806,0
-0.2797987,0
-0.2797069,0
-0.2792033,0
-0.27914578,0
-0.2790338,0
-0.27897298,0
-0.27894562,0
-0.27886283,0
-0.27880183,0
-0.27867502,1
-0.2784174,0
-0.2782383,0
-0.2781579,0
-0.2780024,0
-0.2778349,0
-0.2777064,0
-0.2776941,0
-0.27746445,0
-0.27741128,0
-0.2770666,0
-0.27701396,1
-0.27685887,0
-0.27684656,0
-0.27680182,0
-0.27639428,1
-0.2763801,0
-0.27619278,1
-0.27617273,0
-0.27600574,0
-0.2755183,0
-0.2752192,0
-0.2749518,0
-0.27487403,0
-0.27484313,1
-0.27460903,1
-0.2745687,0
-0.27450246,0
-0.27430335,0
-0.27375892,0
-0.27367753,0
-0.27366388,0
-0.27345216,0
-0.27333578,0
-0.27303678,1
-0.27291343,0
-0.27230698,0
-0.27196246,0
-0.27179146,0
-0.27154887,0
-0.27140182,0
-0.27110916,0
-0.27073073,0
-0.27055848,0
-0.27039564,0
-0.27031726,0
-0.27027476,0
-0.2700645,0
-0.2700246,1
-0.27002275,0
-0.269752,0
-0.26942953,0
-0.26930824,0
-0.2688561,0
-0.26876384,0
-0.2685971,1
-0.26856187,0
-0.26819104,0
-0.26814985,0
-0.26805446,1
-0.2679324,0
-0.26783,0
-0.26779163,1
-0.2677471,0
-0.26770687,0
-0.26765445,0
-0.2676016,0
-0.2675209,0
-0.26746172,1
-0.26710433,0
-0.26664764,0
-0.26649874,0
-0.26621312,0
-0.26586545,0
-0.2657441,0
-0.265571,0
-0.26549646,0
-0.26524296,0
-0.26482594,0
-0.26466653,1
-0.2642653,0
-0.26401427,0
-0.2639332,0
-0.26392758,0
-0.2638873,0
-0.26371956,0
-0.26366997,0
-0.26359677,0
-0.2630955,0
-0.26304042,0
-0.26297978,0
-0.2625476,1
-0.2625382,0
-0.2624554,0
-0.26233292,1
-0.26227194,0
-0.26195002,0
-0.2619203,1
-0.2618522,0
-0.26172006,0
-0.26158464,0
-0.26154867,0
-0.26150626,0
-0.2614866,0
-0.260957,0
-0.26078516,0
-0.26071787,0
-0.2605096,1
-0.2604013,0
-0.26031667,0
-0.26019108,0
-0.26016307,0
-0.26007476,0
-0.26002398,0
-0.26001287,0
-0.25947654,1
-0.25901663,0
-0.25896236,0
-0.25883472,0
-0.25852144,0
-0.2584874,0
-0.25801948,0
-0.25785062,0
-0.2577855,0
-0.25742304,0
-0.2570421,0
-0.2569786,0
-0.25681627,0
-0.25653982,0
-0.25651622,0
-0.25627708,0
-0.25592571,0
-0.255922,1
-0.25591457,0
-0.25590956,0
-0.25588936,0
-0.25579724,0
-0.25563145,0
-0.25553754,0
-0.25551486,0
-0.25536132,0
-0.25507563,0
-0.25489807,0
-0.25478774,0
-0.2547741,0
-0.25433528,0
-0.25415963,0
-0.25413752,0
-0.25406006,0
-0.253896,0
-0.25358307,1
-0.2533798,1
-0.25298762,0
-0.2527126,0
-0.2523509,0
-0.2523412,0
-0.2521711,0
-0.2520072,0
-0.25177336,0
-0.25156808,0
-0.2515651,0
-0.2514643,0
-0.251168,0
-0.25102806,1
-0.2507868,0
-0.25048018,0
-0.25028718,0
-0.25005406,0
-0.24931048,0
-0.24923548,0
-0.2489411,1
-0.2488903,0
-0.24880746,0
-0.24879095,0
-0.248576,1
-0.24848798,0
-0.24817383,0
-0.24812931,0
-0.24808812,0
-0.24791232,0
-0.24756557,0
-0.24753606,0
-0.2474429,0
-0.24721718,0
-0.24713808,0
-0.24698758,1
-0.24697173,0
-0.24695322,0
-0.24685058,0
-0.24680811,0
-0.2467753,0
-0.24663186,0
-0.24660051,0
-0.24656093,0
-0.24643731,0
-0.24634829,0
-0.24622321,0
-0.24550477,0
-0.24536243,0
-0.24514532,0
-0.24501848,0
-0.24496174,0
-0.24492374,0
-0.2446768,0
-0.2441848,0
-0.2440232,0
-0.24396014,0
-0.24379322,0
-0.24353436,1
-0.2432003,0
-0.24318272,0
-0.24278057,0
-0.24271655,0
-0.2426503,0
-0.24243362,1
-0.24228813,0
-0.24219942,1
-0.24216187,0
-0.24206227,0
-0.2420395,1
-0.24192747,0
-0.24189791,0
-0.24164873,0
-0.24161041,0
-0.24152687,0
-0.24149561,0
-0.24140777,0
-0.24106303,0
-0.24105716,0
-0.24099636,0
-0.24094713,0
-0.24062143,0
-0.24023904,0
-0.24021715,1
-0.2401403,1
-0.24011314,0
-0.24011077,1
-0.24000627,0
-0.23967507,0
-0.239544,0
-0.23952335,0
-0.23939353,0
-0.23928562,0
-0.23916525,1
-0.23895565,0
-0.23848414,0
-0.23843925,0
-0.23825239,1
-0.23815286,0
-0.23808569,0
-0.23796982,0
-0.23761566,1
-0.23739171,0
-0.23729375,0
-0.23709328,0
-0.23683587,0
-0.23677881,0
-0.23670739,0
-0.23656818,0
-0.23656103,0
-0.23630941,0
-0.2362318,0
-0.23623072,1
-0.23620534,0
-0.23580262,0
-0.23568094,0
-0.23555319,1
-0.23541188,0
-0.23534209,0
-0.23523304,0
-0.23517987,0
-0.23509236,0
-0.23498566,0
-0.23480839,1
-0.23477994,0
-0.23419556,0
-0.2337574,0
-0.23366833,0
-0.23357338,0
-0.23356897,0
-0.23307243,0
-0.23306447,0
-0.2327393,0
-0.23244077,0
-0.23236364,0
-0.23208666,0
-0.23208022,0
-0.23187056,0
-0.23181318,0
-0.23176217,0
-0.23116058,0
-0.23114231,0
-0.23103759,0
-0.2309808,0
-0.23083225,0
-0.23080254,0
-0.23041958,1
-0.23027365,0
-0.23027354,0
-0.2302209,0
-0.23017308,1
-0.23015743,0
-0.22970128,0
-0.22922793,0
-0.22868463,0
-0.22847772,0
-0.22843228,0
-0.22827196,0
-0.22816443,0
-0.22807807,0
-0.22783266,0
-0.22776873,0
-0.2275581,0
-0.22743475,0
-0.22729576,0
-0.22724342,0
-0.22719604,0
-0.22718227,0
-0.22701418,0
-0.22671968,0
-0.22670671,0
-0.22644615,1
-0.22629154,0
-0.226234,0
-0.22583908,0
-0.22571225,0
-0.22565746,0
-0.2254347,0
-0.22511391,0
-0.22457695,0
-0.22455093,0
-0.22438526,0
-0.22433566,0
-0.2241661,0
-0.22416079,0
-0.22409625,0
-0.22408085,1
-0.22386736,0
-0.22383973,0
-0.22357687,0
-0.22334957,0
-0.22332191,0
-0.22314909,0
-0.22288373,0
-0.22278263,0
-0.22256313,0
-0.22244245,0
-0.2224155,0
-0.22207642,0
-0.22148967,0
-0.22128642,0
-0.22081682,0
-0.2206907,0
-0.22066933,0
-0.22046886,1
-0.22038132,0
-0.2200095,0
-0.21975213,0
-0.21966654,0
-0.21958894,0
-0.2194848,0
-0.21925768,0
-0.21917713,0
-0.2191759,0
-0.2190218,0
-0.21893594,1
-0.21860415,0
-0.2185154,0
-0.21839741,0
-0.21810359,0
-0.21793818,0
-0.21766931,0
-0.2176688,1
-0.21763325,0
-0.21754587,0
-0.21748137,0
-0.2173256,1
-0.21706425,0
-0.21682367,0
-0.21679276,0
-0.21642205,1
-0.21623081,0
-0.2160597,0
-0.21598941,0
-0.21598539,0
-0.21597297,1
-0.21596175,0
-0.21591699,0
-0.21562502,0
-0.21548583,0
-0.21523006,1
-0.21512961,0
-0.21496439,0
-0.21460064,0
-0.21436432,0
-0.21421278,0
-0.2142098,0
-0.21353686,0
-0.21346687,0
-0.21323669,0
-0.21320394,0
-0.2130773,0
-0.21301985,0
-0.21295366,1
-0.21278727,0
-0.21246266,0
-0.21211809,0
-0.21187711,0
-0.21149954,0
-0.21139905,1
-0.21113461,0
-0.21105874,1
-0.21073568,0
-0.21037272,1
-0.21031165,0
-0.2100918,0
-0.20985758,1
-0.20983842,0
-0.2095347,1
-0.20945737,0
-0.20930386,0
-0.20923758,0
-0.2087194,0
-0.20865327,1
-0.20857751,1
-0.20830107,0
-0.20826697,0
-0.20812535,0
-0.20799077,0
-0.20767689,0
-0.20754743,0
-0.20733112,0
-0.20726292,1
-0.20713598,0
-0.20700285,0
-0.20677298,0
-0.20674978,0
-0.20657562,0
-0.20653507,0
-0.20649469,0
-0.20628996,0
-0.20595524,1
-0.20583227,1
-0.20576358,1
-0.20574665,0
-0.20571935,1
-0.20559692,0
-0.20546664,0
-0.20530263,1
-0.20521578,1
-0.20498078,1
-0.204972,0
-0.20496857,1
-0.20485403,0
-0.20456302,0
-0.20423001,0
-0.20410371,0
-0.2040984,0
-0.20355904,0
-0.20351827,0
-0.20339751,0
-0.20338522,0
-0.20309806,0
-0.20294297,0
-0.20268345,0
-0.20240434,1
-0.20239139,0
-0.20228636,0
-0.20222995,0
-0.2022081,0
-0.20193234,0
-0.20181379,0
-0.20157766,0
-0.20129383,0
-0.20126358,1
-0.20124258,0
-0.20082504,0
-0.20069546,0
-0.2006661,0
-0.20030123,0
-0.2001028,0
-0.20002806,0
-0.19969669,0
-0.19967401,0
-0.19953811,0
-0.19943076,0
-0.1993441,0
-0.19895622,0
-0.19893217,0
-0.1988631,0
-0.19847944,0
-0.19846047,0
-0.19819638,0
-0.19793725,1
-0.19732045,0
-0.1972785,0
-0.19715166,0
-0.19686091,1
-0.19644499,0
-0.19639236,0
-0.19629532,0
-0.19588102,1
-0.19574569,0
-0.19570398,0
-0.1955409,0
-0.19534183,0
-0.19528113,0
-0.19515571,0
-0.1949575,0
-0.19491601,0
-0.19475979,0
-0.19463527,0
-0.19402352,1
-0.19392529,0
-0.19380888,0
-0.19374156,0
-0.19368345,0
-0.19353576,1
-0.19341007,1
-0.19328979,0
-0.19328532,1
-0.19325876,0
-0.1931919,0
-0.19315934,0
-0.19309622,0
-0.1929549,0
-0.19270694,0
-0.19246155,0
-0.19229993,1
-0.19211715,0
-0.19209099,0
-0.1920464,0
-0.19203067,0
-0.19192138,0
-0.19186854,0
-0.19166994,0
-0.19161761,0
-0.19158363,0
-0.1912519,1
-0.19116259,0
-0.19084859,0
-0.1908207,0
-0.19068737,0
-0.19064596,0
-0.19063252,0
-0.1902344,0
-0.19013876,1
-0.19010901,1
-0.19000298,1
-0.18988895,0
-0.18981269,0
-0.18981066,1
-0.1897943,0
-0.18956578,1
-0.18942654,0
-0.18919271,0
-0.18916589,0
-0.18876468,1
-0.1887615,0
-0.18858004,0
-0.18856339,0
-0.1885333,0
-0.1882503,0
-0.1881817,1
-0.18800962,0
-0.1879826,0
-0.1875642,0
-0.18751734,0
-0.18750286,0
-0.18739271,0
-0.18732554,0
-0.18728852,0
-0.18685582,0
-0.18673782,0
-0.18668935,0
-0.18663333,0
-0.18650046,0
-0.18600285,0
-0.18584031,0
-0.18583053,1
-0.18574107,0
-0.18573833,0
-0.18557537,0
-0.1855635,0
-0.18545353,0
-0.1851505,0
-0.18513125,0
-0.18470871,0
-0.18465805,0
-0.18451408,0
-0.18440646,0
-0.18370041,1
-0.1836279,0
-0.18359497,0
-0.18355227,1
-0.18355066,0
-0.18337244,0
-0.18327099,1
-0.18288174,0
-0.18273175,0
-0.1825499,0
-0.1825298,0
-0.18223235,0
-0.18220407,1
-0.18207437,0
-0.18174952,0
-0.18139061,0
-0.18136239,0
-0.18128693,0
-0.18086968,1
-0.18075965,1
-0.18075013,1
-0.18073222,0
-0.18041742,0
-0.18038428,0
-0.18024272,0
-0.18012428,1
-0.18010479,0
-0.17999393,0
-0.17981017,0
-0.17963639,0
-0.17959964,0
-0.17920938,0
-0.17918734,0
-0.17913406,1
-0.17904577,0
-0.17900893,0
-0.17897516,0
-0.17880093,0
-0.17859837,0
-0.17834264,0
-0.17830217,0
-0.17829466,0
-0.17809285,0
-0.17791057,0
-0.17739117,0
-0.17725995,0
-0.17692406,1
-0.17686905,0
-0.17682049,0
-0.17667747,0
-0.17665288,0
-0.17663509,0
-0.17622557,0
-0.1762148,0
-0.17573494,0
-0.17565116,1
-0.175421,0
-0.17539847,0
-0.17533526,0
-0.175318,0
-0.17528087,0
-0.17520618,0
-0.17507327,0
-0.1750085,0
-0.17479214,0
-0.1746223,0
-0.17414737,0
-0.17412812,1
-0.17407954,1
-0.17402822,0
-0.17397293,0
-0.17386091,0
-0.17325413,0
-0.17324197,0
-0.1729871,0
-0.17282134,1
-0.17275941,0
-0.17273918,0
-0.17263603,0
-0.1725201,0
-0.17241734,1
-0.17241096,0
-0.17236567,0
-0.17236009,1
-0.17215878,0
-0.17199215,0
-0.17196214,0
-0.17195785,0
-0.17194295,0
-0.17188066,0
-0.17179045,0
-0.17176814,1
-0.17174721,0
-0.1716317,0
-0.17161572,0
-0.17159474,0
-0.17147717,1
-0.17141497,0
-0.17120744,0
-0.1709857,0
-0.17087126,0
-0.17081332,0
-0.1703271,0
-0.17002812,0
-0.16939855,0
-0.16919675,0
-0.16898137,0
-0.16894542,1
-0.16890848,0
-0.16881901,1
-0.16825032,0
-0.16775465,0
-0.16744542,0
-0.16742322,0
-0.16688761,0
-0.16677403,0
-0.16675016,0
-0.16671796,0
-0.16650319,0
-0.16644442,0
-0.16630134,0
-0.16560197,0
-0.16548626,0
-0.1654793,1
-0.16528589,0
-0.16525424,0
-0.16500194,1
-0.16484511,0
-0.16479611,0
-0.1646528,0
-0.16450444,0
-0.16439082,0
-0.16428232,0
-0.16415048,0
-0.16361618,0
-0.16351226,0
-0.16330324,0
-0.16323882,0
-0.16293567,0
-0.16272908,0
-0.16263741,0
-0.16254932,0
-0.16241808,1
-0.16217259,0
-0.16178948,0
-0.16163485,0
-0.161613,0
-0.16125269,0
-0.16118348,0
-0.16109896,0
-0.16103712,0
-0.16101056,0
-0.16080761,0
-0.16075206,0
-0.16052961,0
-0.1604886,0
-0.16046453,0
-0.16042829,0
-0.16042581,1
-0.16041888,0
-0.16041529,0
-0.16026527,0
-0.15998626,0
-0.15955937,0
-0.15948927,0
-0.1587821,0
-0.15876728,0
-0.15844741,1
-0.1584306,0
-0.15829003,1
-0.15782125,1
-0.15781832,0
-0.1577928,0
-0.1577115,0
-0.15744615,0
-0.15740412,0
-0.15712884,0
-0.15680592,0
-0.15666336,0
-0.15665397,0
-0.15649784,1
-0.15648699,0
-0.155808,0
-0.15575653,0
-0.155707,0
-0.1556637,0
-0.15563415,0
-0.15558766,1
-0.15538381,1
-0.15531099,0
-0.15527064,0
-0.15516299,0
-0.15512484,0
-0.15496525,0
-0.15490586,0
-0.15489972,0
-0.15480733,0
-0.15427506,0
-0.15419689,0
-0.15412852,0
-0.15405029,0
-0.15399686,0
-0.15367797,1
-0.15359071,1
-0.1535447,0
-0.15345053,0
-0.15334404,1
-0.15320069,0
-0.15316796,1
-0.15310419,0
-0.15261085,0
-0.1525222,0
-0.15249836,0
-0.1524831,1
-0.15244305,0
-0.15235949,0
-0.15235561,1
-0.15220475,0
-0.1521934,0
-0.15161511,0
-0.15156814,0
-0.15150052,1
-0.15105134,0
-0.15104666,0
-0.1509561,0
-0.15085453,0
-0.15052222,0
-0.15043616,0
-0.15040696,0
-0.15017627,0
-0.14986753,0
-0.14984912,0
-0.14978266,0
-0.14971179,0
-0.14956665,1
-0.14949955,0
-0.14947125,0
-0.14946559,0
-0.1493327,0
-0.1490562,0
-0.14905563,0
-0.14903882,1
-0.14884043,0
-0.14877495,0
-0.14858599,0
-0.14840391,0
-0.1482845,0
-0.14816695,0
-0.14815587,0
-0.1480403,1
-0.14792094,0
-0.1478968,0
-0.14787942,0
-0.14780557,0
-0.1477828,0
-0.14774776,1
-0.14741737,0
-0.1473752,0
-0.14736044,0
-0.14719623,1
-0.14710402,1
-0.14706373,0
-0.14690179,0
-0.14684561,1
-0.14662975,0
-0.14633244,0
-0.14629108,0
-0.1462547,0
-0.1457988,0
-0.1457129,0
-0.14556885,0
-0.14556462,0
-0.14538825,0
-0.14530627,0
-0.14522755,1
-0.1451801,0
-0.14515184,0
-0.14511937,0
-0.14511123,1
-0.1450179,1
-0.14495853,0
-0.14448044,0
-0.14441504,0
-0.14423895,0
-0.14383957,0
-0.14363697,1
-0.14352846,0
-0.14350915,1
-0.14343306,0
-0.1433968,0
-0.14315431,0
-0.14313233,1
-0.14299358,0
-0.14284822,0
-0.14256197,0
-0.14222427,0
-0.14195323,0
-0.14185303,0
-0.14178018,0
-0.14149877,0
-0.14148903,0
-0.1414818,0
-0.14147314,0
-0.14141464,0
-0.14113736,0
-0.14112884,1
-0.14105338,0
-0.14098011,0
-0.14093275,1
-0.14059228,0
-0.14058971,0
-0.14058708,1
-0.14045689,0
-0.14022109,0
-0.14013332,1
-0.14011423,1
-0.14004125,1
-0.13951813,0
-0.13917923,0
-0.1391391,0
-0.13865834,0
-0.13855338,0
-0.1385374,0
-0.13844293,0
-0.13824558,1
-0.13800192,0
-0.13793308,0
-0.13748622,0
-0.13744903,0
-0.1373789,0
-0.1371433,0
-0.13701737,0
-0.13671938,0
-0.13654599,0
-0.13643694,0
-0.13632706,0
-0.13624907,0
-0.13622336,0
-0.1361463,0
-0.13611752,0
-0.13593662,0
-0.1357624,1
-0.13571814,0
-0.1356955,0
-0.13568139,0
-0.13563153,0
-0.13499008,0
-0.13487321,1
-0.13481191,0
-0.1348035,0
-0.1346451,0
-0.13454172,0
-0.13393092,0
-0.13392812,0
-0.13389653,0
-0.13383204,0
-0.13381918,0
-0.13369453,0
-0.1335851,0
-0.133516,1
-0.13350749,0
-0.13343692,0
-0.13323039,1
-0.13321781,0
-0.13321607,1
-0.1330983,0
-0.13303983,0
-0.13276157,0
-0.13275051,1
-0.13242716,0
-0.13235894,0
-0.13228405,0
-0.13222224,0
-0.1318863,1
-0.13165116,0
-0.13133086,0
-0.1313008,0
-0.13113366,0
-0.13095134,0
-0.13086352,0
-0.13078287,0
-0.13048665,0
-0.13046536,0
-0.13045627,1
-0.1304326,0
-0.130344,0
-0.1303378,0
-0.13031147,1
-0.13028556,0
-0.13007826,0
-0.12995905,0
-0.12994862,0
-0.12994719,0
-0.12960646,0
-0.12958917,0
-0.12953345,0
-0.12939692,0
-0.12925532,0
-0.12911576,0
-0.12904298,0
-0.12903756,0
-0.12894441,0
-0.1287519,1
-0.12843138,0
-0.12842554,1
-0.12841481,1
-0.12836385,0
-0.12820321,0
-0.1280627,0
-0.12781894,0
-0.12770379,0
-0.12758255,0
-0.12755342,1
-0.12753323,0
-0.12734106,0
-0.1273143,0
-0.12723659,0
-0.1270604,0
-0.12691432,0
-0.12677719,0
-0.12667024,0
-0.12663049,0
-0.1261816,0
-0.12593365,0
-0.12557676,0
-0.12534803,0
-0.1250886,0
-0.12505296,0
-0.124792516,0
-0.124776475,0
-0.124614,0
-0.12448239,0
-0.12439132,0
-0.12432957,0
-0.12425826,0
-0.12397897,0
-0.123442456,0
-0.12330374,1
-0.12318361,1
-0.12304586,0
-0.12303102,0
-0.122965604,1
-0.12276137,0
-0.12263794,0
-0.12241745,0
-0.121992335,0
-0.12184787,0
-0.121681035,1
-0.121518075,0
-0.121359944,0
-0.12113449,0
-0.12105242,0
-0.12094857,0
-0.12081975,0
-0.12081058,0
-0.120702714,0
-0.12031838,0
-0.12007876,0
-0.11992097,0
-0.11981303,0
-0.11979902,0
-0.11979294,0
-0.119596004,0
-0.119470984,0
-0.11934726,0
-0.119336054,0
-0.119258165,0
-0.11917907,0
-0.119042724,0
-0.11904067,0
-0.11890793,0
-0.11890745,0
-0.11861169,0
-0.11857697,0
-0.11851472,0
-0.118175745,1
-0.11784483,0
-0.11783409,0
-0.11759019,0
-0.11736971,0
-0.11735666,0
-0.11728439,0
-0.11720002,0
-0.116802804,0
-0.116779596,0
-0.11671263,0
-0.116633385,0
-0.116243005,0
-0.11610457,0
-0.116098225,1
-0.115912095,0
-0.11572766,0
-0.115686715,0
-0.115606785,0
-0.11556661,0
-0.11507131,0
-0.114943266,0
-0.11493251,0
-0.114890575,0
-0.11485988,0
-0.11479026,0
-0.114712074,0
-0.114570975,0
-0.11456609,1
-0.11453509,0
-0.11443326,0
-0.11405868,0
-0.113823734,0
-0.11377275,0
-0.11360788,0
-0.113599956,0
-0.113495946,0
-0.113345586,0
-0.11311464,0
-0.113084674,0
-0.11300373,0
-0.112782955,0
-0.11273494,1
-0.11260183,0
-0.11235446,0
-0.112305045,0
-0.112238646,0
-0.112188056,0
-0.11211306,0
-0.11203772,0
-0.111880064,0
-0.11166453,0
-0.11128557,0
-0.111131296,1
-0.111001134,0
-0.110943675,0
-0.11090815,0
-0.11061631,0
-0.110556096,0
-0.1104073,1
-0.1104067,0
-0.11038178,0
-0.110352755,0
-0.11021584,1
-0.110164054,0
-0.110129535,0
-0.11010122,0
-0.110010326,0
-0.1098094,0
-0.10977158,0
-0.1097453,0
-0.10962278,1
-0.10929704,0
-0.10928342,0
-0.10917586,0
-0.108547844,0
-0.10853982,0
-0.10826272,0
-0.10805166,0
-0.10760629,0
-0.107399195,0
-0.10719153,0
-0.10699323,0
-0.106833026,0
-0.10661948,0
-0.10635316,0
-0.10626304,1
-0.10621673,0
-0.106044546,1
-0.10580499,0
-0.10573968,0
-0.10552432,0
-0.10499694,0
-0.10464206,0
-0.10437914,0
-0.10428193,0
-0.10377605,1
-0.10362573,0
-0.103502125,0
-0.10339071,1
-0.10336208,0
-0.10330403,0
-0.10328531,0
-0.10325859,0
-0.10299064,1
-0.10287094,0
-0.10261464,1
-0.10259137,0
-0.102148384,0
-0.10212985,0
-0.10181841,1
-0.101708055,0
-0.101669885,0
-0.10163504,0
-0.10143292,0
-0.10103891,0
-0.1010223,0
-0.100988925,0
-0.10091287,0
-0.10067193,0
-0.10063499,1
-0.100492656,1
-0.10032049,0
-0.100177884,0
-0.099733606,0
-0.09972727,0
-0.099621475,0
-0.09956795,0
-0.099559516,0
-0.099522054,0
-0.09939039,0
-0.09936744,1
-0.09929657,0
-0.09914386,0
-0.09907287,0
-0.098631024,0
-0.09862402,0
-0.09848894,0
-0.0983817,0
-0.09837741,0
-0.09819487,1
-0.097882345,0
-0.09787488,0
-0.09777537,0
-0.09773302,0
-0.09760857,0
-0.09750238,0
-0.09748737,1
-0.09745911,0
-0.097415894,0
-0.09733495,0
-0.097216725,0
-0.097179055,1
-0.0970256,1
-0.09699273,1
-0.09675479,0
-0.09645909,0
-0.09642077,0
-0.09636402,0
-0.09633002,0
-0.09618255,0
-0.09609957,0
-0.09597131,0
-0.09594616,0
-0.09592642,0
-0.09583521,0
-0.095787644,0
-0.095613874,0
-0.095578134,0
-0.09549546,0
-0.09539387,0
-0.09531772,0
-0.09509349,0
-0.09495449,0
-0.09486444,0
-0.094640404,0
-0.09461311,0
-0.09454289,0
-0.094273746,0
-0.094199836,0
-0.094145074,0
-0.0938119,0
-0.09378546,0
-0.09354319,0
-0.0934822,0
-0.093447834,0
-0.093299,0
-0.0927434,0
-0.09273136,1
-0.092518546,0
-0.09248271,0
-0.09230453,0
-0.0922979,0
-0.092275955,0
-0.09227083,0
-0.09226501,0
-0.09224406,0
-0.09222709,0
-0.09186518,0
-0.09184292,0
-0.091834374,1
-0.09166916,0
-0.09161684,0
-0.09161177,0
-0.091570266,0
-0.091489494,1
-0.09138179,0
-0.09135152,0
-0.09123108,1
-0.09109928,0
-0.09086549,0
-0.09074104,1
-0.09065084,0
-0.09047222,0
-0.09041363,0
-0.09014776,0
-0.0901224,1
-0.09002167,0
-0.09001714,0
-0.08997339,1
-0.089915484,0
-0.08985305,0
-0.08962038,0
-0.08960861,0
-0.08956677,0
-0.089392245,1
-0.08929223,0
-0.0890131,0
-0.08888425,0
-0.08884859,0
-0.08881888,0
-0.08871055,0
-0.08869298,0
-0.088456616,1
-0.08830309,0
-0.08814722,1
-0.08808048,1
-0.08801672,0
-0.08800006,0
-0.08785355,0
-0.087833814,1
-0.08777055,0
-0.087563574,0
-0.087492794,1
-0.087453276,0
-0.08744538,0
-0.08735666,0
-0.08702302,0
-0.08701977,0
-0.08671357,0
-0.086643904,0
-0.086600184,0
-0.08654475,0
-0.086532116,0
-0.086415134,0
-0.08628467,0
-0.08625507,0
-0.086193144,0
-0.08605987,0
-0.08602637,0
-0.08598548,1
-0.085822135,0
-0.0857048,0
-0.085639805,1
-0.08552925,0
-0.08540976,0
-0.085270196,0
-0.08521238,0
-0.08500481,0
-0.08498074,0
-0.08483106,0
-0.08477813,0
-0.0846441,0
-0.084626585,0
-0.08429456,0
-0.08428642,0
-0.08424643,0
-0.08413994,0
-0.083812445,0
-0.083693825,0
-0.083145574,1
-0.08312833,0
-0.08294129,0
-0.08281237,0
-0.08257067,0
-0.08255434,0
-0.08226526,0
-0.081928015,0
-0.0818754,0
-0.08156741,0
-0.08156741,0
-0.08152041,0
-0.08148831,0
-0.08148166,0
-0.081463456,0
-0.08143613,0
-0.08138955,0
-0.081269026,0
-0.08120245,1
-0.081187606,0
-0.08118081,0
-0.080914974,0
-0.08090325,0
-0.08087313,0
-0.08066795,0
-0.08052766,0
-0.08042154,0
-0.079989076,0
-0.07994318,0
-0.0799008,0
-0.07951027,0
-0.07947177,0
-0.07942566,0
-0.07928723,0
-0.078973636,0
-0.07892957,0
-0.07879901,0
-0.07872668,0
-0.07867223,1
-0.07864957,0
-0.078636914,0
-0.07858609,0
-0.07858169,0
-0.078571916,0
-0.07853052,0
-0.07840249,0
-0.07839471,0
-0.07835274,1
-0.078315675,0
-0.07826191,0
-0.07817876,0
-0.07814881,0
-0.07812059,0
-0.07780512,0
-0.077797115,0
-0.077671885,0
-0.07757491,0
-0.077492595,1
-0.07727933,0
-0.07721992,0
-0.077044114,0
-0.07703751,0
-0.07697639,0
-0.07690835,0
-0.0768708,0
-0.07685423,0
-0.076655924,0
-0.07637429,0
-0.07625124,0
-0.07621384,0
-0.07620114,0
-0.076192856,0
-0.076190144,0
-0.076072335,0
-0.07583997,0
-0.07565728,0
-0.075644135,0
-0.075410426,0
-0.075344875,0
-0.07520199,0
-0.07512203,0
-0.07506031,0
-0.07505986,1
-0.074959576,0
-0.074951366,0
-0.07487124,0
-0.074790046,1
-0.0745983,1
-0.07457742,0
-0.07455957,0
-0.07445854,1
-0.07445346,0
-0.07432935,0
-0.07418223,0
-0.07415418,0
-0.07401134,0
-0.07390043,1
-0.07352033,0
-0.07350886,0
-0.073147655,0
-0.07313368,0
-0.073032856,0
-0.07296842,0
-0.072641835,0
-0.07256696,0
-0.072479725,0
-0.07245624,0
-0.072398975,0
-0.07217252,0
-0.072003365,0
-0.07197304,0
-0.071829766,0
-0.07175946,0
-0.07175422,1
-0.07171762,0
-0.07150602,0
-0.07146108,0
-0.07141125,0
-0.071364194,0
-0.0712367,0
-0.07121289,0
-0.07095349,0
-0.07083106,0
-0.07077423,0
-0.0706588,0
-0.07063413,0
-0.070471406,0
-0.07030308,1
-0.07013871,0
-0.07004087,0
-0.06997925,0
-0.06987679,0
-0.069690645,1
-0.0696192,0
-0.06902856,0
-0.0688982,0
-0.06880283,0
-0.068635285,0
-0.068585515,0
-0.068505764,0
-0.06824553,0
-0.06819433,0
-0.06800413,0
-0.06727412,0
-0.06725091,0
-0.067230865,0
-0.06711936,0
-0.06704831,0
-0.06701279,0
-0.06669688,0
-0.06655723,0
-0.066541925,0
-0.06643045,0
-0.06623268,0
-0.06620586,0
-0.06604466,0
-0.066007614,0
-0.065930754,0
-0.06588966,1
-0.06586766,0
-0.06575757,0
-0.06567401,1
-0.06550622,0
-0.065472364,0
-0.06497061,0
-0.06490111,0
-0.06488013,0
-0.064804554,0
-0.06476551,0
-0.06469834,0
-0.064644754,0
-0.06427878,0
-0.06419176,1
-0.06417827,0
-0.064149536,0
-0.06414536,0
-0.06412411,0
-0.06366363,0
-0.06359044,0
-0.0634014,0
-0.06314692,0
-0.0630787,0
-0.06297897,0
-0.06280852,1
-0.06280807,0
-0.06264201,0
-0.062527925,0
-0.062419534,0
-0.062383205,0
-0.06232357,0
-0.06210634,0
-0.06205234,0
-0.061965667,0
-0.061835483,0
-0.061827898,0
-0.061762333,0
-0.061736085,0
-0.06169367,0
-0.061636746,0
-0.061590046,0
-0.061560273,1
-0.061488867,0
-0.061398864,0
-0.06102884,0
-0.060937345,0
-0.060917705,0
-0.06087953,0
-0.060702085,0
-0.060616307,0
-0.060548782,0
-0.060489893,0
-0.060375612,0
-0.060168803,0
-0.060138464,0
-0.060111895,0
-0.05980753,0
-0.05977589,1
-0.059773847,0
-0.05971101,0
-0.05950392,0
-0.059490442,0
-0.05947411,0
-0.059261322,0
-0.05922243,0
-0.0590353,0
-0.058973398,0
-0.058916986,0
-0.05891204,0
-0.05849427,0
-0.05848305,0
-0.058446407,0
-0.058389157,1
-0.05829498,0
-0.05829316,0
-0.058209542,1
-0.058169603,0
-0.058070168,0
-0.057605207,0
-0.05746305,0
-0.05724907,0
-0.0571433,0
-0.057136774,0
-0.05703354,0
-0.056984186,0
-0.056873173,0
-0.056715578,0
-0.056499317,0
-0.0562492,0
-0.05616115,0
-0.05562204,0
-0.05559845,0
-0.055583477,0
-0.05553497,1
-0.055512354,1
-0.05545491,0
-0.055349693,0
-0.05530919,0
-0.055270746,0
-0.055144966,1
-0.05512572,0
-0.055108666,0
-0.055052713,0
-0.05504155,1
-0.05502359,0
-0.054790854,0
-0.054773867,0
-0.05454123,0
-0.054410152,0
-0.05418122,0
-0.054124475,0
-0.05405575,1
-0.053826988,0
-0.053826213,0
-0.05380124,1
-0.053796202,0
-0.053707898,0
-0.05359471,0
-0.05356759,0
-0.053515196,0
-0.05303061,1
-0.053006172,0
-0.052279085,0
-0.052274227,0
-0.052214026,0
-0.052153498,0
-0.05207876,0
-0.052036136,1
-0.052026987,0
-0.05195093,0
-0.051497698,0
-0.051485002,0
-0.051349044,0
-0.051316917,0
-0.051243126,0
-0.051005423,0
-0.050834775,0
-0.050735176,0
-0.050656974,0
-0.050556004,0
-0.050374597,0
-0.05012214,0
-0.049892664,0
-0.049827784,0
-0.04979483,0
-0.049770787,0
-0.049696,0
-0.049412966,0
-0.04938006,1
-0.04928431,0
-0.049236357,0
-0.049072802,0
-0.04881352,0
-0.048776247,0
-0.048635438,1
-0.048545122,1
-0.048538327,0
-0.048392057,0
-0.048360795,0
-0.048334807,0
-0.048189163,0
-0.048161685,0
-0.04808508,0
-0.047895253,0
-0.047786713,0
-0.04778123,0
-0.047721982,1
-0.047628224,0
-0.04757157,1
-0.04741448,0
-0.047316477,0
-0.04731345,0
-0.047237396,0
-0.047188103,0
-0.046909288,0
-0.046846986,0
-0.04680275,1
-0.04670021,0
-0.046668798,0
-0.046594143,1
-0.04658439,0
-0.04648158,0
-0.046336085,0
-0.045845628,0
-0.045740593,0
-0.04565823,0
-0.045446098,0
-0.045445994,0
-0.045294702,0
-0.04522723,0
-0.045094267,0
-0.044770956,0
-0.04470495,0
-0.044213593,0
-0.044201344,0
-0.04398352,0
-0.04398313,0
-0.04393992,1
-0.043847412,0
-0.043786585,0
-0.043668866,0
-0.04349965,0
-0.04349856,0
-0.043402314,0
-0.043342948,0
-0.043313224,0
-0.043281257,0
-0.043273807,0
-0.042834938,0
-0.04268384,0
-0.042521715,0
-0.042435527,0
-0.04233718,0
-0.042238295,0
-0.042138577,0
-0.042097323,0
-0.042096555,0
-0.04161817,0
-0.041612208,0
-0.041577578,0
-0.041541457,0
-0.041536376,0
-0.041239083,0
-0.041229248,0
-0.041091263,0
-0.04104501,1
-0.0410302,1
-0.04080355,0
-0.04056494,0
-0.040363956,0
-0.040266406,1
-0.04015416,0
-0.04006952,1
-0.040001392,0
-0.039961427,0
-0.0399379,0
-0.03933237,0
-0.039250825,0
-0.039200068,0
-0.03912711,0
-0.03901255,1
-0.038781285,0
-0.03877032,0
-0.03845471,0
-0.038294464,1
-0.0382787,0
-0.038258314,0
-0.038243838,0
-0.038167953,0
-0.038082868,0
-0.03804481,0
-0.038000107,0
-0.037953302,0
-0.03788455,0
-0.037799478,0
-0.037754357,0
-0.037693262,0
-0.037532233,0
-0.03730487,0
-0.037291303,0
-0.036827847,0
-0.03680122,1
-0.036717296,1
-0.036670476,0
-0.036577985,0
-0.03638953,1
-0.036348045,0
-0.036212802,0
-0.035897136,0
-0.035845384,0
-0.035619915,0
-0.035554938,0
-0.035488963,0
-0.035449475,0
-0.03538389,0
-0.03534168,0
-0.03470862,0
-0.03468874,0
-0.034404486,0
-0.03417097,0
-0.034151137,0
-0.034036826,0
-0.03403461,0
-0.03396249,0
-0.03371589,0
-0.03334874,0
-0.03331829,1
-0.03316176,0
-0.033078745,0
-0.03269276,1
-0.03257084,0
-0.032462627,0
-0.032390803,0
-0.032215953,0
-0.03212738,0
-0.032110065,0
-0.031428568,1
-0.031352997,0
-0.03129524,1
-0.031207085,0
-0.030754045,0
-0.03071618,0
-0.030524671,0
-0.030506998,0
-0.030344963,0
-0.030331671,0
-0.03024751,0
-0.029983282,0
-0.02996695,0
-0.029858112,0
-0.02983594,0
-0.02978903,0
-0.029633105,0
-0.029479504,0
-0.02941215,0
-0.029392004,0
-0.029358745,0
-0.029157043,0
-0.028622031,0
-0.028492928,0
-0.028464064,0
-0.028429627,0
-0.02837348,0
-0.028304987,0
-0.028286308,0
-0.028220683,0
-0.02819445,0
-0.028171152,1
-0.028169394,0
-0.028026998,0
-0.02764383,0
-0.027602822,0
-0.027562894,0
-0.027522802,0
-0.027499676,0
-0.02739048,0
-0.027370274,0
-0.027089357,0
-0.027048111,0
-0.02679473,0
-0.026744276,0
-0.026675403,0
-0.026604831,0
-0.0264358,0
-0.026428103,1
-0.026281841,0
-0.026145816,0
-0.02597487,0
-0.025663963,0
-0.025528431,0
-0.025498152,0
-0.025349855,0
-0.02521953,0
-0.02513647,1
-0.02509278,0
-0.024990082,0
-0.024880946,0
-0.024854183,0
-0.024769843,1
-0.024716854,0
-0.024613768,0
-0.024564743,0
-0.024398386,0
-0.024377346,0
-0.024282128,0
-0.024011984,0
-0.023953557,1
-0.023941994,0
-0.023870058,0
-0.02381754,0
-0.023684382,0
-0.023347,0
-0.023343667,0
-0.023274448,0
-0.022996705,0
-0.022852376,0
-0.022845149,0
-0.022817612,0
-0.022755653,0
-0.022605121,0
-0.022499084,0
-0.02248478,0
-0.022324562,0
-0.022142544,1
-0.022106126,0
-0.022099733,0
-0.021793514,0
-0.021723166,0
-0.021706164,1
-0.02169323,1
-0.021455318,0
-0.02131188,0
-0.021303117,0
-0.0212778,0
-0.021270037,0
-0.021199394,0
-0.021176815,0
-0.021053612,0
-0.020919025,0
-0.020897813,0
-0.02077806,0
-0.020686723,0
-0.020651877,0
-0.020433687,0
-0.020378113,0
-0.020039082,0
-0.019880056,1
-0.019875526,0
-0.019595623,0
-0.01933527,1
-0.019092679,0
-0.019091576,0
-0.019034684,1
-0.018975496,0
-0.018875688,0
-0.018371701,0
-0.018138602,0
-0.017655373,0
-0.017595649,0
-0.017570168,0
-0.017100424,0
-0.01699233,0
-0.016914904,0
-0.01655227,0
-0.01628545,1
-0.016241431,0
-0.016174614,0
-0.016143382,0
-0.016097903,0
-0.016068995,0
-0.016044617,1
-0.016019233,0
-0.015617743,0
-0.015599668,0
-0.015446752,0
-0.015279889,0
-0.01513873,0
-0.015083373,0
-0.014910638,0
-0.014902711,0
-0.014545828,0
-0.014511824,0
-0.014449716,0
-0.01438687,0
-0.014346361,0
-0.014323384,0
-0.014050007,0
-0.013813823,0
-0.013758153,0
-0.013730362,0
-0.013287544,1
-0.013235807,0
-0.013133526,0
-0.013050914,0
-0.012978196,0
-0.012896776,0
-0.012839615,0
-0.012637615,0
-0.012611717,0
-0.012475222,1
-0.012342155,0
-0.012325436,0
-0.0122407675,0
-0.012195468,0
-0.012184955,0
-0.011956144,1
-0.011836499,0
-0.01168099,0
-0.011628404,0
-0.011618614,0
-0.011592209,0
-0.011565924,0
-0.011382595,0
-0.011315644,0
-0.011090517,0
-0.010987084,0
-0.010821998,0
-0.010559261,0
-0.010307908,0
-0.010263801,0
-0.01020503,0
-0.010048658,0
-0.0099211335,0
-0.009858541,0
-0.009831026,0
-0.009783417,1
-0.009589195,0
-0.009489536,0
-0.00947243,0
-0.009405643,0
-0.009317219,0
-0.008957326,0
-0.008925915,0
-0.008780044,1
-0.008426547,1
-0.008167779,1
-0.008160114,0
-0.008118197,1
-0.0081092715,0
-0.007976726,0
-0.0078422725,0
-0.00782907,0
-0.0075975955,0
-0.007507324,0
-0.0072930455,0
-0.0072681755,0
-0.007212758,0
-0.006776884,0
-0.0067104995,1
-0.0065726787,0
-0.0063440055,0
-0.006172996,0
-0.006129861,0
-0.006101787,0
-0.0060094297,1
-0.005907297,0
-0.0058710575,0
-0.0055769086,0
-0.005521655,0
-0.005512595,0
-0.0054083467,0
-0.004993677,0
-0.004956007,0
-0.0047626495,0
-0.0047292113,0
-0.0044960976,0
-0.0044766217,0
-0.0043592453,0
-0.004276797,0
-0.004257396,0
-0.0041823983,0
-0.0041314363,0
-0.0041158646,0
-0.003842771,0
-0.0031920671,0
-0.0029479824,0
-0.0026304722,0
-0.0025498867,0
-0.0022764206,1
-0.0022615194,0
-0.0022480488,0
-0.0022101402,0
-0.0021941364,0
-0.0020112991,0
-0.001994133,0
-0.0019865334,0
-0.0018106103,0
-0.0017322898,0
-0.0015653372,0
-0.0015155002,0
-0.0014600158,1
-0.0013115704,0
-0.0012611151,1
-0.0012516677,0
-0.0010291636,0
-0.00073969364,0
-0.0006004572,0
-0.0005773902,0
-0.00052654743,0
-0.00042268634,0
-0.00035767257,0
-0.00012254715,0
-7.772446e-05,0
-6.875396e-05,1
3.8146973e-06,0
5.1498413e-05,0
8.392334e-05,0
0.00021015666,0
0.00027638674,0
0.00041508675,0
0.00049060583,0
0.0009777546,1
0.0011596084,1
0.001164794,0
0.0012466013,0
0.0012799203,0
0.0015013218,0
0.0016450882,0
0.002013415,0
0.0020403415,0
0.0023249388,0
0.0023965836,0
0.0026936233,1
0.0028216327,0
0.0028288364,0
0.0029244423,0
0.0030626655,0
0.0031684935,0
0.003233809,0
0.0034533143,0
0.003490746,0
0.0037312508,0
0.0037818253,0
0.003944114,0
0.0039772987,0
0.004080981,0
0.004123986,0
0.004165113,0
0.004205078,1
0.0043139355,0
0.0044493675,0
0.004508257,0
0.004724622,0
0.0050655305,0
0.0055500865,1
0.0055606663,0
0.005798638,0
0.006297946,0
0.0063946247,0
0.0064113736,0
0.0064202547,0
0.006491363,0
0.006516278,0
0.006559223,0
0.0065758526,0
0.006687589,0
0.0067051053,0
0.006753564,0
0.0067716837,0
0.006804228,0
0.006811738,0
0.0068119764,0
0.006880939,0
0.0070220344,1
0.0074915886,0
0.0075063705,0
0.007652402,0
0.008311212,0
0.008356139,0
0.008399203,1
0.008546531,0
0.008632332,0
0.008658886,0
0.008675456,1
0.008677423,0
0.0087044835,0
0.00885731,0
0.009028673,0
0.0090834685,0
0.009463221,0
0.009614438,0
0.009649515,0
0.009927273,0
0.00996843,0
0.009975456,0
0.010149717,0
0.010171056,1
0.010177076,0
0.010221958,0
0.0105008185,0
0.010545135,1
0.010582514,0
0.010636322,0
0.010769665,0
0.0108808875,0
0.010895729,0
0.010928154,0
0.010936961,0
0.011417076,0
0.011508226,0
0.011679411,0
0.011695832,0
0.011714458,0
0.012039065,0
0.012290657,0
0.012527734,0
0.012855634,0
0.012931347,0
0.012950897,0
0.013082445,0
0.013176322,0
0.01324302,0
0.013367027,0
0.013386726,0
0.013404056,0
0.013502836,0
0.013575852,0
0.013634056,0
0.013760805,0
0.0138309,0
0.013877749,0
0.013879716,0
0.014036834,0
0.014115259,0
0.014209032,0
0.014670193,0
0.014787078,1
0.014789373,0
0.01485502,0
0.014877804,0
0.014901236,0
0.01499784,0
0.015084267,0
0.015113875,0
0.015182495,0
0.015264988,0
0.015435874,0
0.015700549,0
0.015813867,0
0.015844941,0
0.0160501,0
0.016346619,0
0.016413212,0
0.016449502,0
0.016561389,0
0.01660204,0
0.01662055,0
0.016647458,0
0.016655166,0
0.016671568,1
0.016802311,0
0.016976714,0
0.016981244,0
0.01699692,0
0.0171832,0
0.017214179,0
0.017348766,0
0.017876446,0
0.018244833,1
0.018252015,0
0.018332481,0
0.018373292,0
0.018461078,0
0.018552572,0
0.018629253,0
0.018662035,0
0.018784195,0
0.018959165,0
0.019116908,0
0.019145548,0
0.01919195,0
0.01922834,0
0.019351631,0
0.01937604,0
0.019421369,0
0.019452572,0
0.019546807,0
0.01956281,0
0.019696414,0
0.01974535,0
0.0197701,0
0.019910932,0
0.019966483,0
0.019993424,0
0.020015337,0
0.020023525,0
0.020199299,0
0.02033665,1
0.020462915,0
0.020562828,0
0.020819902,0
0.021197557,0
0.021270156,0
0.021291316,0
0.021339785,0
0.021354854,0
0.021607399,0
0.021625817,0
0.021714896,0
0.021777749,0
0.021885663,0
0.02191919,0
0.022110522,0
0.022117704,0
0.022185683,0
0.022209466,0
0.022464037,1
0.022598468,0
0.022714421,0
0.022863597,1
0.022989482,0
0.02298975,0
0.023034185,0
0.023047626,0
0.023056746,0
0.023075819,0
0.023118973,0
0.023137867,0
0.02317214,0
0.023272276,0
0.02330646,0
0.023366153,0
0.023630977,0
0.023849934,0
0.024003565,1
0.024020672,0
0.024163365,0
0.0241822,0
0.024456501,0
0.024572372,0
0.024829865,0
0.024980128,0
0.024996966,0
0.025031637,0
0.025385454,0
0.02538842,0
0.025411874,0
0.025416296,1
0.02554679,0
0.025598422,0
0.025669932,0
0.025825381,0
0.025887728,0
0.025938958,0
0.0261029,0
0.026168525,0
0.026195347,1
0.026218176,0
0.026426971,0
0.026686013,0
0.026812337,0
0.026921257,0
0.027080044,0
0.02766049,1
0.027666807,0
0.02781406,0
0.027967691,0
0.027988046,0
0.027996987,0
0.02804041,1
0.028098106,0
0.02818337,0
0.028414369,1
0.028474748,0
0.028517008,0
0.028534269,0
0.02872546,0
0.028732061,0
0.028764307,0
0.028765798,0
0.028890729,0
0.028943807,0
0.029008642,0
0.029054293,0
0.029100299,0
0.029228538,0
0.029325811,1
0.029356718,0
0.029394567,1
0.029411525,0
0.029510438,0
0.029527366,0
0.029558718,0
0.029686794,0
0.029717684,0
0.02982068,0
0.029927213,0
0.029945493,0
0.03002742,0
0.030247748,0
0.030333996,1
0.030556679,0
0.030607581,0
0.030736804,1
0.030754,0
0.030978203,0
0.031089464,0
0.031140178,0
0.031152934,0
0.031230181,0
0.031379677,0
0.031398892,0
0.03143263,0
0.03152144,0
0.031642556,0
0.031713575,0
0.031863302,0
0.031953335,0
0.032181688,1
0.032206595,0
0.03235936,0
0.03236586,0
0.032368034,0
0.03247437,0
0.032497764,1
0.0325194,0
0.032609582,0
0.03263527,0
0.032757968,0
0.032788217,0
0.032792747,0
0.032822847,0
0.033014774,0
0.033350945,0
0.033401858,0
0.033623576,0
0.033869475,0
0.03391455,0
0.034263484,0
0.034564734,0
0.034567237,0
0.03468652,0
0.03478414,0
0.034895606,0
0.03498524,0
0.035277754,0
0.035421103,1
0.03565371,0
0.035931528,0
0.03593497,0
0.036121696,0
0.03619865,1
0.03648454,0
0.036505282,0
0.036527038,0
0.036678106,0
0.03669995,0
0.036771,0
0.036792964,0
0.03683144,0
0.03710398,0
0.03721541,1
0.037375808,0
0.037394017,0
0.037405968,0
0.03743723,0
0.037617743,0
0.03767693,0
0.037864268,0
0.03793037,0
0.038031336,1
0.038049012,0
0.038214356,0
0.038236827,1
0.038326293,0
0.038392425,0
0.0389522,0
0.03902471,0
0.039156996,0
0.039421976,0
0.039508462,0
0.039601475,0
0.039623827,0
0.039840996,0
0.040013522,1
0.040069014,0
0.040178716,0
0.040252984,0
0.04033631,0
0.04065478,0
0.040664792,0
0.040714324,0
0.041030884,0
0.041062117,1
0.04106918,0
0.041081123,0
0.041134477,0
0.041385278,0
0.04139754,0
0.041404307,0
0.041533947,0
0.041675806,0
0.0418095,0
0.04191956,0
0.04200962,0
0.042013288,0
0.0420931,0
0.042133927,0
0.042190492,0
0.04222846,0
0.042301357,0
0.042323157,0
0.0427021,0
0.043143153,0
0.043215275,0
0.043365717,0
0.043406963,0
0.043536156,0
0.04355368,0
0.04363985,0
0.04396546,0
0.043999612,0
0.04406497,0
0.04414308,0
0.04418862,0
0.044350944,0
0.044476837,1
0.044484794,0
0.04455325,0
0.044578314,0
0.04466772,0
0.04472941,1
0.04485421,0
0.04533063,0
0.045349717,0
0.04544589,0
0.045510173,0
0.04555458,1
0.04567452,0
0.045726515,0
0.04573828,0
0.04577305,0
0.045821756,0
0.046103477,0
0.046114743,0
0.04611981,0
0.046192467,0
0.046222687,0
0.046304386,0
0.04639399,0
0.046417236,0
0.04644888,0
0.046476766,0
0.04651922,0
0.046590157,0
0.046642423,0
0.04674074,0
0.046793222,0
0.047045827,0
0.047056183,0
0.047179878,0
0.047306165,0
0.047317386,0
0.04746902,0
0.04769864,0
0.047706515,0
0.047868073,1
0.048080385,0
0.04818356,0
0.048286557,0
0.048307076,0
0.04857683,0
0.048756287,1
0.048757076,0
0.04902363,0
0.04910934,0
0.049208403,0
0.049312025,0
0.049550354,0
0.049604118,0
0.049798667,0
0.049847722,0
0.049886316,0
0.049890876,0
0.049906492,0
0.049970686,0
0.04997641,0
0.05005471,0
0.05007951,0
0.050136924,0
0.05030404,0
0.05058232,1
0.050651833,0
0.050847173,0
0.05087921,0
0.050928622,0
0.051072747,1
0.051118374,0
0.051139474,0
0.051174946,0
0.051275313,0
0.05134964,0
0.051442564,0
0.051495284,0
0.051700473,1
0.05174181,0
0.051768918,0
0.05179262,0
0.052036583,0
0.05232486,0
0.05246681,1
0.05250323,0
0.052541554,0
0.05266507,0
0.052790508,0
0.052938014,0
0.052968264,0
0.05302508,1
0.05303693,0
0.05306074,0
0.053211987,0
0.053281784,0
0.053467125,1
0.05347866,0
0.053664207,0
0.053698443,0
0.05389017,0
0.05395794,0
0.054230213,0
0.05435309,0
0.0543741,0
0.05439341,0
0.05447924,0
0.05455319,0
0.054587178,0
0.054589093,0
0.054938078,0
0.054973602,0
0.05509317,0
0.055324838,0
0.055405557,0
0.05561313,0
0.05572772,0
0.055863053,0
0.05586672,0
0.056013465,0
0.056047916,0
0.056230858,0
0.05634314,0
0.056455612,0
0.056495786,1
0.05652356,0
0.056822777,0
0.056889564,0
0.057049073,0
0.05711615,1
0.05711937,0
0.057130843,0
0.057149053,0
0.05742909,0
0.057538956,0
0.057593368,0
0.057608224,0
0.05762428,0
0.057629466,0
0.057700694,0
0.058104947,0
0.058136135,1
0.05815786,0
0.05847408,0
0.05860269,0
0.058604956,0
0.0586693,0
0.058694363,0
0.05891241,0
0.05906138,1
0.059479102,0
0.059709072,0
0.059845686,0
0.05991572,0
0.06002578,0
0.060116917,0
0.06013611,0
0.060357958,0
0.060373306,0
0.060573295,0
0.060700893,0
0.060877815,0
0.06091535,0
0.061086893,0
0.061277166,0
0.061438188,0
0.06150335,0
0.061586197,0
0.0618037,0
0.061906338,0
0.06196837,0
0.06236115,0
0.06243266,0
0.06261748,1
0.06271763,1
0.062775135,0
0.0627862,0
0.062951684,1
0.063056946,1
0.06310463,0
0.06314063,0
0.06315771,0
0.063189864,0
0.06327939,0
0.06364632,0
0.06383145,0
0.06385838,0
0.064309865,0
0.064730346,0
0.064939275,0
0.064980514,0
0.065142065,0
0.06525963,0
0.06539416,0
0.065437175,0
0.06544032,0
0.065442085,0
0.06566304,0
0.06568599,0
0.0657773,0
0.0658505,0
0.06603891,0
0.066340856,0
0.06634164,0
0.06649536,0
0.06653598,0
0.066560075,0
0.066571295,0
0.066636324,0
0.06670179,0
0.06672335,0
0.06678665,0
0.06716025,0
0.067251086,0
0.06745723,0
0.06779653,1
0.06802432,0
0.068058595,0
0.0681396,0
0.06831756,0
0.068339445,0
0.06836271,0
0.068372965,0
0.06837843,0
0.06868318,0
0.068934366,0
0.069024414,0
0.06916651,0
0.06917035,0
0.069206744,0
0.06922343,0
0.069336,0
0.06941524,1
0.069865316,0
0.06987488,0
0.06987561,0
0.0699749,0
0.07002893,0
0.07015687,1
0.07031873,0
0.07041645,0
0.07058449,0
0.07066858,0
0.07070942,0
0.0708027,0
0.07103014,0
0.071106255,0
0.07121629,0
0.071285225,0
0.071591675,0
0.07161349,0
0.07170135,0
0.07181054,0
0.07184586,0
0.07185128,0
0.072047845,0
0.07215771,0
0.072416544,0
0.07265371,0
0.07268537,0
0.07283249,0
0.072880775,0
0.07298955,0
0.07317984,1
0.07319462,0
0.073265344,1
0.07329264,0
0.0733013,0
0.073376775,0
0.07344043,0
0.07362878,0
0.07365814,0
0.07366267,0
0.073988974,0
0.07404289,0
0.07416482,0
0.074174106,0
0.07435769,0
0.07445234,0
0.07448733,0
0.07452825,0
0.0746634,0
0.07473707,0
0.07479225,0
0.0748288,0
0.07483235,0
0.07492828,0
0.07499239,0
0.07508257,0
0.07509154,0
0.07511112,0
0.07511729,0
0.07529616,0
0.07550812,1
0.07566519,0
0.07577133,0
0.075784326,0
0.07588726,0
0.0758979,0
0.07609451,0
0.07614839,0
0.07625422,0
0.07632685,0
0.07634513,0
0.07659876,0
0.076937854,0
0.07713544,0
0.077144206,1
0.07728362,0
0.07749128,0
0.0779873,0
0.078044794,0
0.07809758,0
0.07824272,0
0.078258485,0
0.07851374,0
0.07860899,1
0.078739166,0
0.078903496,0
0.07898253,0
0.079027176,0
0.07912773,0
0.07916853,0
0.07924147,0
0.079419374,0
0.079428904,0
0.07945621,0
0.079514116,0
0.079607725,0
0.08007694,0
0.080147505,0
0.08041102,0
0.080418885,0
0.080546446,0
0.08056401,0
0.08071386,0
0.08088875,0
0.081037164,0
0.081054226,0
0.08109152,0
0.081100255,0
0.08127433,0
0.08130795,0
0.08131531,0
0.08150175,0
0.081764586,0
0.081795625,0
0.08193445,0
0.08209944,0
0.08211273,0
0.08223352,1
0.08224207,0
0.08267199,0
0.08274232,0
0.08294669,0
0.083106875,1
0.083153486,0
0.083297215,0
0.08339196,0
0.08341384,0
0.08343813,0
0.08350754,0
0.08357483,0
0.083714694,0
0.083735734,0
0.08377269,0
0.083836436,0
0.08391346,0
0.083979934,0
0.084201634,0
0.084211856,0
0.08422235,0
0.08427656,1
0.084478706,0
0.08449811,0
0.084801316,0
0.08492312,0
0.08511582,1
0.08520761,0
0.08524795,0
0.08529687,0
0.08531806,0
0.08534145,0
0.08539042,0
0.0854817,1
0.08549446,0
0.08560614,0
0.0856383,0
0.085645854,0
0.08571896,0
0.08583698,0
0.08584714,0
0.08586095,0
0.086052716,0
0.08622968,0
0.08624601,0
0.08629,0
0.08641222,0
0.086422324,0
0.08646989,0
0.08672547,0
0.0869191,0
0.0869426,0
0.08695793,0
0.087109566,0
0.08712332,0
0.0871824,0
0.08719252,0
0.08730593,1
0.087362245,0
0.087476015,1
0.08753282,0
0.087613374,0
0.0876328,0
0.08772981,0
0.08777797,0
0.08780801,0
0.08803682,0
0.08817718,0
0.08819105,0
0.0882023,0
0.088300765,0
0.08830565,0
0.08832738,0
0.088430464,0
0.088437915,0
0.08847523,0
0.088511124,0
0.08861339,0
0.08883487,0
0.0889703,1
0.0889768,1
0.08899637,0
0.089026436,0
0.089047074,0
0.089084506,0
0.08922176,0
0.08927372,0
0.08950645,0
0.08970708,0
0.09013593,0
0.090165965,0
0.09019023,0
0.09023547,0
0.09046205,0
0.0904959,0
0.0905059,0
0.0905152,0
0.09057758,0
0.09065977,0
0.090813994,0
0.09097114,0
0.091211975,0
0.09128528,0
0.09131716,0
0.09147322,0
0.09160404,0
0.09173104,0
0.09175229,0
0.09179962,0
0.09202394,0
0.092164844,0
0.09225112,0
0.092481256,0
0.092611074,0
0.0927145,0
0.09271555,0
0.09273851,0
0.092739925,0
0.092802554,0
0.0929873,0
0.093253836,0
0.09343845,0
0.0939549,0
0.09416872,0
0.09429622,0
0.09444243,0
0.094469726,0
0.09449847,0
0.09458694,0
0.09463035,0
0.094837576,1
0.095183596,0
0.09523624,0
0.095397264,0
0.09546617,0
0.095586896,0
0.09571752,0
0.09607571,0
0.09625286,0
0.09640837,1
0.096538395,0
0.09671998,0
0.097181626,1
0.09719683,0
0.09721883,0
0.09770758,0
0.09801529,0
0.09802614,0
0.0989722,0
0.099136114,0
0.09930462,0
0.099368095,0
0.09941572,0
0.09966457,0
0.10005188,0
0.10033025,0
0.10051447,1
0.100654066,0
0.101207376,0
0.10138583,0
0.10152307,0
0.10156369,0
0.10171016,0
0.101949066,0
0.101959646,0
0.101987846,0
0.1020118,0
0.102250226,0
0.10245837,1
0.1027028,0
0.10278088,0
0.10286558,0
0.102883846,1
0.10297487,0
0.102990806,0
0.10309168,0
0.103262186,0
0.10342824,0
0.10343477,0
0.103637815,0
0.103643,0
0.103657745,0
0.10366696,0
0.104007006,0
0.10401437,1
0.10410422,1
0.10411245,0
0.10412965,0
0.10418846,0
0.1041899,0
0.10436948,0
0.10449511,0
0.10454472,1
0.10458267,0
0.104796186,0
0.10483265,0
0.10485612,1
0.10499877,0
0.10503065,0
0.105255246,0
0.10529929,0
0.10543154,0
0.10562968,0
0.105675,0
0.10574907,0
0.10588967,0
0.10593178,0
0.10598616,0
0.10599598,0
0.106131524,0
0.10630542,0
0.106318,0
0.10652229,0
0.106732115,0
0.10675746,0
0.1068511,0
0.10691941,0
0.10700181,1
0.10702324,0
0.10722938,0
0.107312776,0
0.10747003,0
0.10750499,0
0.10763693,0
0.10768297,0
0.10807234,0
0.108195364,0
0.108624995,0
0.10872406,0
0.10888684,0
0.10904741,0
0.10906902,1
0.109396756,0
0.10961245,0
0.109683156,0
0.109689474,0
0.10974312,0
0.10985541,0
0.10988161,0
0.10990733,0
0.109984875,0
0.11006844,0
0.11021435,0
0.11028684,0
0.110302344,0
0.11042583,0
0.110483736,0
0.11052561,0
0.11064339,0
0.11069739,0
0.11071986,0
0.110869825,0
0.11101679,0
0.11126763,0
0.11127052,0
0.11152373,0
0.1117643,0
0.11186913,0
0.111901045,0
0.11190489,0
0.11201965,0
0.112055585,0
0.11219993,0
0.112305954,0
0.11232111,1
0.11249991,0
0.11258145,0
0.112587824,0
0.11289662,0
0.11293486,0
0.112953186,0
0.11332543,0
0.11339933,0
0.11345099,0
0.11347163,0
0.11354944,0
0.113556504,0
0.113582075,0
0.1137332,0
0.11375846,0
0.11384505,0
0.11388484,0
0.11389023,0
0.11394781,0
0.11404897,0
0.11415911,0
0.11439209,0
0.114433765,0
0.11446118,0
0.11463383,0
0.114754945,0
0.11485988,0
0.11487162,0
0.11490908,0
0.11494565,0
0.11499131,0
0.11502509,0
0.11514822,0
0.115236804,0
0.115325965,0
0.115383744,0
0.11541179,0
0.11562309,0
0.11581874,0
0.115857005,0
0.115988016,0
0.11603444,0
0.11629549,0
0.116398335,0
0.11650096,0
0.11656848,0
0.11659733,0
0.11661172,0
0.11678016,0
0.116836846,0
0.116940975,0
0.11712408,0
0.11724235,0
0.11729324,0
0.1173747,0
0.11759913,0
0.11765778,0
0.11771983,0
0.11774197,0
0.11782268,0
0.11785632,0
0.11810273,0
0.118220955,0
0.11824854,0
0.118428424,0
0.11857295,0
0.118595034,0
0.11862147,0
0.11880201,0
0.1188066,0
0.118839376,0
0.11894484,1
0.119099975,0
0.11924134,0
0.11924259,0
0.11926432,0
0.11942172,0
0.11953418,0
0.11959064,0
0.11962026,1
0.119679034,1
0.119910955,0
0.11992196,0
0.119934805,0
0.11996295,0
0.120028436,0
0.120192155,0
0.12048805,0
0.12057879,0
0.12062931,0
0.12068534,0
0.12074423,0
0.12090141,0
0.120982364,0
0.12100995,0
0.121076584,0
0.12111506,0
0.12112281,0
0.12128587,0
0.12144214,0
0.12150672,0
0.121688396,0
0.1217916,0
0.121844605,0
0.122036755,0
0.12206599,0
0.12212825,0
0.1221629,0
0.12232858,0
0.12238511,0
0.12242049,0
0.12242144,0
0.12243502,0
0.12246096,0
0.1225426,0
0.122740276,0
0.12279284,0
0.12289638,0
0.12300407,0
0.12301946,0
0.12311642,0
0.12318617,0
0.123301625,0
0.12336987,0
0.12337045,0
0.12345889,0
0.12357819,0
0.12364316,1
0.12395978,1
0.12407866,1
0.12453312,0
0.12483728,0
0.124839544,0
0.1249941,0
0.1251297,0
0.12547493,0
0.12548092,0
0.12550244,0
0.12552729,0
0.12555555,0
0.12571624,0
0.12578355,0
0.12580243,0
0.1258322,0
0.1258864,0
0.12590468,0
0.12605667,0
0.1263136,0
0.12639219,0
0.1267625,0
0.12693496,0
0.12706769,0
0.12717703,1
0.12728666,0
0.12735355,0
0.12739694,0
0.12743244,0
0.12751031,0
0.12783565,1
0.12805197,0
0.12820399,0
0.1282945,0
0.12831438,0
0.12835407,0
0.12838405,0
0.12855327,0
0.1286031,0
0.12872553,0
0.12878942,0
0.12901443,0
0.12908006,0
0.12915078,1
0.12927577,0
0.12932494,0
0.12940046,0
0.12941465,0
0.129455,0
0.12954712,0
0.12958348,0
0.12960649,0
0.12968604,0
0.12968826,0
0.12991196,0
0.13002017,0
0.13012338,0
0.13028955,0
0.13041672,0
0.13069308,0
0.13072711,0
0.13085894,0
0.13097191,0
0.1310271,0
0.13108784,0
0.13108876,0
0.13109303,0
0.13123733,0
0.13131401,0
0.13140875,0
0.13148344,0
0.1316085,0
0.1317442,0
0.13192844,0
0.13192874,0
0.13208967,0
0.1322079,0
0.13232201,0
0.13237402,0
0.13241279,0
0.13253501,0
0.132559,0
0.1325891,0
0.1326243,0
0.13268775,0
0.13282704,0
0.13290536,0
0.13298357,0
0.13301343,0
0.1330378,0
0.13306952,0
0.13307145,0
0.1330811,0
0.13325655,0
0.13326359,0
0.13328886,0
0.13349262,0
0.13354416,0
0.13355857,0
0.13356039,0
0.13359123,0
0.13373631,0
0.13375509,0
0.13386789,0
0.1339562,0
0.13397342,0
0.1340217,0
0.13446209,0
0.13447666,0
0.13448238,0
0.13456452,0
0.1345717,0
0.13499351,0
0.13509336,1
0.13523558,0
0.13553226,0
0.13555332,0
0.13568825,0
0.13570707,0
0.13579288,0
0.13602173,0
0.136161,0
0.13626766,0
0.1363697,0
0.13640764,0
0.13643284,0
0.1364518,0
0.13646147,0
0.13654403,1
0.13659441,0
0.13667065,0
0.1367428,0
0.1369803,0
0.13718212,0
0.13730526,0
0.13743183,0
0.13744879,0
0.13764529,0
0.13764545,0
0.13787541,0
0.13791595,0
0.13797298,0
0.13819009,0
0.13832748,0
0.13842654,0
0.13843761,0
0.1384443,1
0.13872972,0
0.13873622,0
0.1388155,0
0.13882014,0
0.13884294,0
0.13901621,0
0.13916245,0
0.13946965,0
0.13947561,0
0.13971728,0
0.13976857,0
0.1397996,0
0.13981485,0
0.13989234,0
0.13995528,0
0.14004385,0
0.14019981,0
0.14023897,0
0.14029792,0
0.14030966,0
0.14040217,0
0.14041707,0
0.14041835,0
0.14043114,0
0.14049774,0
0.14061251,0
0.14066029,0
0.1408324,0
0.14086507,0
0.14117265,0
0.14123234,0
0.14127457,0
0.14132643,0
0.14132994,0
0.14136565,0
0.14143826,0
0.14163414,0
0.141902,0
0.14218712,0
0.14263275,0
0.14276892,0
0.14276901,0
0.14291996,0
0.1429217,0
0.14299557,0
0.14307866,0
0.1432743,0
0.14330184,0
0.1436342,0
0.14363438,0
0.14381745,0
0.14394993,0
0.14403838,0
0.14423251,0
0.14428532,0
0.14438248,0
0.14441258,0
0.1444276,0
0.14445996,0
0.14447021,0
0.1445309,0
0.14464855,0
0.14468174,0
0.14474952,0
0.14491928,0
0.1450504,0
0.14507063,0
0.1452621,0
0.14542317,0
0.14553344,0
0.145637,0
0.14564231,0
0.14584263,0
0.14599413,0
0.14616066,0
0.14620745,0
0.1462227,0
0.14622688,0
0.14628053,0
0.14632598,0
0.14674789,0
0.14675033,0
0.14679855,0
0.14680405,0
0.14717296,0
0.14728212,0
0.14744513,0
0.14764689,0
0.14769778,0
0.14775425,0
0.14790633,0
0.14822572,0
0.1485103,0
0.14852795,0
0.14853847,0
0.14864707,0
0.14880902,0
0.14905268,0
0.14906764,0
0.1492114,0
0.14926338,0
0.1492709,0
0.14956605,0
0.14983672,0
0.14987431,0
0.14988895,0
0.1499449,0
0.15001202,0
0.15001726,0
0.1503043,0
0.15035427,0
0.15057942,0
0.15059474,1
0.15069401,0
0.15080516,1
0.15095505,0
0.15100813,0
0.15120488,0
0.15137246,0
0.15138721,0
0.15142097,1
0.15147042,0
0.15160894,0
0.15175891,0
0.1518373,0
0.15184969,0
0.15189373,0
0.15227284,0
0.15248595,0
0.15251014,0
0.15253104,0
0.15275422,0
0.15277053,0
0.15283418,0
0.1529023,1
0.1531807,0
0.15323484,0
0.15325212,0
0.15335388,0
0.15343261,0
0.15346909,0
0.15350392,0
0.15374762,1
0.15378022,0
0.15387973,0
0.15388457,0
0.15395927,0
0.1541388,0
0.15429878,0
0.15432584,0
0.15459049,0
0.1546664,0
0.15480621,0
0.15491527,0
0.15505913,0
0.15510842,0
0.15512344,0
0.15514962,0
0.1556748,0
0.15577155,0
0.15587896,0
0.15589094,0
0.1561997,0
0.15632558,0
0.15633309,0
0.15636158,0
0.15643913,1
0.15646172,0
0.156703,0
0.15674376,1
0.15679348,1
0.15680876,0
0.15689147,0
0.15698598,0
0.15698928,0
0.15700975,0
0.15734234,1
0.15739737,0
0.15743515,0
0.15747835,0
0.15760675,0
0.15777144,0
0.15782619,0
0.15788764,0
0.15809011,0
0.15819946,0
0.15822119,0
0.15838993,0
0.15851593,0
0.15879309,0
0.15918207,0
0.15942013,0
0.1594274,0
0.1595363,0
0.15958259,0
0.15981066,0
0.15986155,0
0.15998277,0
0.16002059,0
0.16010338,0
0.1601103,0
0.16011575,0
0.1602602,0
0.16031009,0
0.16033226,1
0.16061008,0
0.16070712,0
0.16074497,0
0.16076958,0
0.16088523,1
0.16099083,0
0.16100848,0
0.16101544,0
0.16114075,0
0.16118264,0
0.16127595,0
0.16127747,0
0.16138247,0
0.16145469,0
0.1614589,0
0.16156259,0
0.16178647,0
0.16178879,0
0.1618368,0
0.16183949,0
0.16184509,0
0.16197774,0
0.16209698,0
0.16240108,0
0.16261671,0
0.1627036,0
0.16279507,0
0.16282961,0
0.16297948,0
0.1631193,0
0.16318636,0
0.16320449,0
0.163216,0
0.16328976,0
0.16335702,0
0.16337395,0
0.16340208,0
0.16343066,0
0.16350293,0
0.16380754,0
0.16390985,0
0.16418776,0
0.16425797,0
0.16440007,0
0.16453582,0
0.16473193,0
0.16474956,0
0.16476357,0
0.16477306,0
0.1650126,0
0.165025,0
0.16503355,0
0.16507596,0
0.16512534,0
0.16538359,0
0.16539508,0
0.1655342,0
0.16562414,0
0.16562873,0
0.16563287,0
0.1657095,0
0.16580912,0
0.1658256,0
0.16582644,0
0.16599837,0
0.16608116,0
0.16610005,0
0.16613634,0
0.16621159,0
0.16648655,0
0.16656294,0
0.16684182,0
0.16685836,0
0.16694215,1
0.16731086,0
0.16749448,0
0.16769618,0
0.16773558,0
0.16781664,0
0.16782176,0
0.16783404,0
0.16786009,0
0.16792685,0
0.16805083,0
0.16807544,0
0.16816382,0
0.16820604,0
0.16822183,0
0.16829276,0
0.16843799,0
0.1685009,0
0.16870475,0
0.16893357,0
0.16893573,0
0.16901231,0
0.16933498,0
0.16944611,0
0.1694932,0
0.1697826,1
0.1698086,0
0.16983944,1
0.16987742,0
0.17007357,0
0.17035344,0
0.17038655,0
0.1704418,0
0.17047656,0
0.17050591,0
0.17058367,0
0.17068303,0
0.17101096,0
0.17106712,0
0.17113845,0
0.17120281,0
0.17122674,0
0.17135966,0
0.17140868,0
0.17156118,1
0.17195994,0
0.1720838,0
0.17209029,0
0.17249364,0
0.17249808,0
0.17254269,0
0.17261235,0
0.1729334,0
0.17302775,0
0.17305629,0
0.1733321,0
0.17347854,0
0.17384136,0
0.17407137,0
0.17419428,0
0.17428929,0
0.17437625,0
0.17446974,0
0.17447056,0
0.17448168,0
0.17453432,0
0.17456202,0
0.1745784,0
0.17470402,0
0.17470908,0
0.17471594,0
0.17481697,0
0.17499891,0
0.17511655,0
0.17537953,0
0.17540741,0
0.17546733,0
0.17568469,1
0.17568798,0
0.1757217,0
0.17573056,0
0.1760537,0
0.17632204,0
0.17636871,0
0.1764381,0
0.176718,0
0.17673492,0
0.17675479,0
0.17690769,0
0.17692697,0
0.17698056,0
0.17702118,0
0.17725697,0
0.17749023,0
0.17754912,0
0.177639,0
0.1777153,0
0.17787564,0
0.17820564,0
0.17824006,0
0.1783942,0
0.17874366,0
0.17879513,0
0.17884432,0
0.1788845,0
0.17889383,0
0.17906001,0
0.17906535,0
0.17925133,0
0.17925891,0
0.17926416,0
0.1792748,0
0.17945255,0
0.17946911,0
0.17962542,0
0.17962939,0
0.17970225,0
0.17972481,0
0.17975271,0
0.17987217,0
0.17996402,0
0.18009795,0
0.18017149,0
0.18028444,0
0.18045086,0
0.18049085,0
0.18054056,0
0.18064035,0
0.18080159,0
0.18082243,0
0.1810333,0
0.18107492,0
0.18128258,0
0.18132135,0
0.18146542,0
0.18170458,0
0.18175486,0
0.18198547,1
0.1820489,0
0.18205369,0
0.18266733,0
0.18281165,0
0.18292327,0
0.18292338,0
0.1829788,0
0.18298829,0
0.18300766,0
0.18312216,0
0.18327235,0
0.1834135,0
0.18345487,0
0.18363148,0
0.18373057,0
0.18387079,0
0.18403208,0
0.18405418,0
0.18411708,0
0.18414643,0
0.18415785,0
0.18430804,0
0.18435353,0
0.18439943,0
0.18444264,0
0.18446398,0
0.18446976,0
0.1844841,0
0.18450643,0
0.18471144,0
0.18483353,0
0.18493259,0
0.18494149,0
0.1852423,1
0.18542457,0
0.18555659,0
0.1857112,0
0.18588006,0
0.18595679,1
0.18623781,0
0.18626702,0
0.18644041,1
0.18653807,0
0.18653826,0
0.18661433,1
0.18665934,0
0.18685618,0
0.18699183,0
0.18700883,0
0.18719263,0
0.18727022,0
0.18727294,0
0.18752909,1
0.1875723,0
0.1876547,0
0.1879602,0
0.18814515,0
0.18820679,0
0.18820843,0
0.18831794,0
0.18831968,0
0.18832567,0
0.18839309,0
0.18840975,0
0.1884886,1
0.18867323,0
0.18885674,0
0.1890366,0
0.18931723,1
0.18946172,0
0.18952018,0
0.18991494,0
0.18996078,0
0.19001856,0
0.19007726,0
0.1902222,0
0.19025874,0
0.19026867,0
0.19049764,0
0.19053218,0
0.19060409,0
0.1906181,0
0.19076194,1
0.19079408,0
0.19093004,0
0.19111036,0
0.19121847,0
0.19122997,0
0.19123623,0
0.19129702,0
0.191306,0
0.1913141,0
0.1913667,0
0.19141299,0
0.19143808,0
0.1917589,0
0.19185734,0
0.19190934,0
0.19199938,0
0.19218564,0
0.19223396,0
0.19228467,0
0.19253725,0
0.1926076,0
0.19270837,0
0.19279942,0
0.19282597,0
0.19288924,0
0.19289494,0
0.1929952,0
0.19318967,0
0.19320899,0
0.19322318,0
0.19335184,0
0.19338885,0
0.193462,0
0.19357523,0
0.19394442,0
0.19401656,1
0.19402784,0
0.19410038,0
0.1944516,0
0.19457036,0
0.19464158,0
0.19465971,0
0.1949628,1
0.19502038,0
0.19515765,0
0.1953331,0
0.19538927,0
0.19558597,0
0.19560713,0
0.19563076,0
0.19569333,0
0.19570887,0
0.19584566,0
0.19615665,0
0.19620624,0
0.19644022,0
0.19655229,0
0.19663763,0
0.19680142,0
0.19683129,1
0.1969253,0
0.19701913,0
0.19703628,0
0.19734755,0
0.19735044,0
0.19738671,0
0.19743711,0
0.19749388,0
0.19750859,0
0.19760045,1
0.19762754,0
0.19766915,0
0.1977427,0
0.19782594,0
0.19787204,0
0.19789296,0
0.19792086,0
0.1979706,0
0.19797522,0
0.19798885,0
0.19801068,0
0.19803879,0
0.19813195,0
0.19844967,1
0.19856697,0
0.19863291,0
0.19864899,0
0.19870895,0
0.19878134,0
0.19900253,0
0.19909272,0
0.1991444,0
0.19922124,0
0.19927235,0
0.19931778,0
0.19950803,0
0.19986542,0
0.19989085,0
0.20003438,0
0.20004562,0
0.20009008,0
0.20030713,0
0.20040628,0
0.20041955,0
0.2005533,0
0.20058747,0
0.20065889,0
0.20071101,0
0.20080888,0
0.20084661,0
0.20097196,0
0.20101237,0
0.2010307,0
0.20153569,0
0.20154826,0
0.20183407,0
0.20185772,0
0.20224679,0
0.20226902,0
0.20227224,0
0.20230412,0
0.20234188,0
0.20234823,0
0.20235506,0
0.2024113,0
0.2024863,1
0.20257562,0
0.20284271,0
0.20287284,0
0.20288558,0
0.20304221,0
0.20320727,0
0.2032786,0
0.20337531,0
0.20339406,0
0.20382576,0
0.20414928,0
0.20416275,0
0.20429605,0
0.2043376,0
0.20448169,0
0.20453095,0
0.20476648,0
0.204867,0
0.20492089,0
0.20511627,0
0.2052789,0
0.20543961,0
0.20545936,0
0.20560643,0
0.20571077,0
0.20590049,0
0.20621061,0
0.20623343,0
0.20624295,0
0.20625593,0
0.20627847,0
0.2063723,0
0.20640624,0
0.2067559,0
0.20694649,0
0.20733368,0
0.20734656,0
0.20737183,0
0.20785749,0
0.20788042,0
0.20790699,0
0.20793366,0
0.20795953,0
0.20801887,0
0.20807776,0
0.20820332,0
0.2083506,0
0.2086972,0
0.20905769,0
0.20912758,0
0.20916378,0
0.20961335,0
0.2096812,0
0.20986855,0
0.21004117,0
0.21007815,0
0.2101152,0
0.21014744,0
0.21021804,0
0.21039903,0
0.21053164,0
0.21065062,0
0.21070433,0
0.21085459,0
0.2109051,0
0.21094245,0
0.21094286,0
0.21095526,0
0.21109715,0
0.2111837,1
0.21137974,0
0.21145158,0
0.21155587,0
0.21173263,0
0.21178544,0
0.21192172,0
0.2119954,0
0.21199572,0
0.21203241,0
0.21212447,0
0.21213245,0
0.21228799,1
0.21232945,0
0.2123493,0
0.2123565,0
0.21239115,0
0.21239892,0
0.21241236,0
0.21252209,0
0.21278982,0
0.21283841,0
0.2128579,0
0.21297103,1
0.21326824,0
0.2132793,0
0.21365865,0
0.21367559,0
0.21373236,0
0.2139768,0
0.2140001,0
0.2140076,0
0.21409763,0
0.214221,0
0.21424524,0
0.21430248,0
0.21433313,0
0.21450067,0
0.2148006,0
0.21488518,0
0.21488914,0
0.21491691,0
0.21507454,0
0.21513963,0
0.21536708,0
0.21539338,0
0.2153962,0
0.21567449,0
0.21574229,0
0.21576998,0
0.2158215,0
0.21611246,0
0.21617484,0
0.21620643,0
0.21627098,0
0.21639156,0
0.21667093,0
0.21678919,0
0.2169752,0
0.21700689,0
0.2177419,0
0.21794435,1
0.21795961,0
0.21802726,0
0.21858537,0
0.21868734,0
0.2186965,0
0.21870704,0
0.21871696,0
0.21876538,0
0.21890713,0
0.21898189,0
0.21904051,0
0.21911871,0
0.21927193,0
0.21949865,0
0.21957225,0
0.21961808,1
0.21969807,0
0.21993923,0
0.21995097,0
0.21995947,0
0.22020388,0
0.2202487,0
0.22034144,0
0.2204355,0
0.22044745,0
0.22062004,0
0.22062552,0
0.22064264,1
0.22072107,0
0.220748,0
0.22077854,0
0.2208546,0
0.22102863,0
0.22126395,0
0.22128567,0
0.22130549,0
0.22144562,0
0.22163546,0
0.22165167,0
0.22170675,0
0.221789,0
0.22183695,0
0.22211859,0
0.22216308,0
0.22218451,0
0.22247934,0
0.22263046,1
0.22275704,0
0.22284193,0
0.22293836,0
0.22296192,0
0.22311015,0
0.22314268,0
0.22316408,0
0.22323003,0
0.22332364,0
0.22354317,0
0.22361365,0
0.22375607,0
0.22383429,0
0.22385532,0
0.22407176,0
0.22409213,0
0.22417545,0
0.2243385,0
0.22438514,0
0.22442195,0
0.22458857,0
0.22462767,0
0.22476745,0
0.22483674,0
0.22487998,0
0.22501533,0
0.22525507,0
0.22543159,0
0.22545293,0
0.22551337,0
0.22557653,0
0.22567949,0
0.22600207,0
0.22601736,0
0.226109,1
0.2261329,0
0.2261541,0
0.2261702,0
0.22618398,0
0.22644347,0
0.22646952,0
0.2264867,1
0.22657853,0
0.2266361,0
0.22678486,0
0.22700489,0
0.2270626,0
0.22708315,0
0.22720334,0
0.2277554,0
0.22782171,0
0.22805929,0
0.22808921,0
0.22815625,0
0.22816634,0
0.22824703,0
0.22829968,0
0.22853678,0
0.22864676,0
0.22874945,0
0.228847,0
0.22891545,0
0.22917098,0
0.22932182,0
0.22942187,0
0.2294941,0
0.2295196,0
0.2296367,0
0.22969946,0
0.22972587,0
0.2297802,0
0.23009434,0
0.23016842,0
0.2302883,0
0.23033157,0
0.23040023,0
0.23060322,0
0.23062162,0
0.23064208,0
0.2306577,0
0.23070739,0
0.23096105,0
0.23105615,0
0.231094,0
0.2312699,0
0.23158908,0
0.23183197,0
0.23186487,0
0.23199931,0
0.23211393,0
0.2323449,0
0.2324456,0
0.23273394,0
0.2327901,0
0.23322302,0
0.23323,0
0.23327643,0
0.2332908,0
0.23338747,0
0.23345912,0
0.23351356,0
0.23362136,0
0.23369011,0
0.23376846,0
0.23385856,0
0.23395303,0
0.2341067,1
0.23427178,0
0.23428735,0
0.23460704,0
0.23461972,0
0.23463812,0
0.23475388,0
0.23478505,0
0.23483977,0
0.2349248,0
0.23521031,0
0.2353285,0
0.23543973,0
0.23546219,0
0.2355243,0
0.23564243,0
0.23573056,0
0.23580666,0
0.23599035,0
0.23615584,0
0.23634896,0
0.23646083,1
0.2365225,0
0.2365428,0
0.23654392,0
0.23656048,0
0.23658814,0
0.23680979,0
0.2368334,0
0.23712906,0
0.23725982,0
0.23748305,0
0.23750845,0
0.23752847,0
0.23759377,0
0.23782998,0
0.23786026,0
0.23786464,0
0.23801214,0
0.23829871,0
0.23863745,1
0.23872462,0
0.2388634,0
0.23887345,0
0.2388984,0
0.2389491,0
0.23934829,0
0.23944145,0
0.23949106,0
0.23950763,0
0.23955572,1
0.23972394,0
0.23979211,0
0.24007687,0
0.2404237,0
0.24068642,0
0.24068736,0
0.24075103,0
0.24079359,0
0.2412273,0
0.24124148,0
0.24134344,0
0.24134606,0
0.24138184,1
0.24167949,0
0.24173978,0
0.24193847,0
0.24213159,0
0.24232952,0
0.2424103,0
0.24259745,0
0.24260019,0
0.24262863,0
0.2426694,0
0.24271321,0
0.24292848,0
0.24298097,0
0.24314821,0
0.24323422,0
0.243346,0
0.2433793,1
0.24363625,0
0.2437077,0
0.24379177,0
0.24386007,0
0.24408218,0
0.24415064,0
0.2443558,0
0.24454863,0
0.24462488,0
0.24470091,0
0.24507478,0
0.24513423,0
0.24519396,0
0.2452321,0
0.24530613,0
0.24563813,0
0.2456804,1
0.24570546,0
0.24592358,1
0.24594975,0
0.24598938,0
0.2460374,0
0.24612947,0
0.24613824,0
0.2462821,0
0.24629284,0
0.24640046,0
0.24642377,0
0.24672574,0
0.24687025,0
0.24696054,0
0.246992,0
0.24721262,0
0.2477773,0
0.24780005,0
0.24781844,0
0.2478936,0
0.24804449,0
0.24820706,0
0.24851397,0
0.24867913,0
0.24880648,0
0.24893874,0
0.24904028,0
0.24927258,0
0.24937603,0
0.24952644,0
0.2498321,0
0.24984914,0
0.24987221,0
0.25001195,0
0.2500958,0
0.25010848,0
0.25020748,0
0.25029883,0
0.25032407,0
0.250489,0
0.25050128,0
0.25065306,0
0.25073057,0
0.25119418,0
0.25120166,0
0.25130832,0
0.25152314,0
0.25156248,0
0.25157842,0
0.25177005,0
0.25187945,0
0.25194848,0
0.2519584,0
0.25207338,0
0.25215906,0
0.25231856,0
0.25248024,0
0.25262883,0
0.25294432,1
0.2530715,0
0.25307947,0
0.25316367,0
0.2533183,0
0.2533475,0
0.25352025,0
0.25374293,1
0.2538164,0
0.25384262,0
0.25385323,0
0.25405565,0
0.25422227,0
0.25432974,0
0.25458694,0
0.25483042,0
0.25489467,0
0.25490093,0
0.25490272,0
0.25496644,0
0.2550013,0
0.2550283,0
0.25520924,1
0.25531143,0
0.25540414,0
0.2554376,0
0.25553858,0
0.25555193,0
0.25571406,0
0.25579143,0
0.25579357,0
0.25590232,0
0.25591472,0
0.2559414,0
0.25596294,0
0.25613457,0
0.2562282,0
0.25636098,0
0.25645018,0
0.25655192,0
0.25655746,0
0.25704384,0
0.25718832,0
0.25747308,1
0.25753,0
0.25767303,0
0.2578341,0
0.2580484,0
0.25807816,0
0.25809616,0
0.2580975,0
0.25814036,0
0.2582171,0
0.25833172,0
0.25854498,0
0.25870726,0
0.25887015,0
0.25898668,0
0.258995,0
0.25906312,0
0.25907665,0
0.25910878,0
0.2591611,0
0.25925285,0
0.25927556,0
0.25929147,0
0.25941074,0
0.25945503,0
0.25950912,0
0.25957897,1
0.25967202,0
0.25971997,0
0.25992507,0
0.25995052,0
0.26015854,0
0.2601883,0
0.26048976,0
0.26053166,0
0.2606761,0
0.26096848,0
0.26100668,0
0.26103956,0
0.26118594,0
0.26124507,0
0.2613228,0
0.26151687,0
0.26153502,0
0.26186645,0
0.26189727,0
0.2619,0
0.2619244,0
0.26195687,0
0.2620268,0
0.26225445,0
0.26227632,0
0.2623154,0
0.2626682,0
0.26267672,1
0.26273215,0
0.26281622,0
0.2629701,0
0.263069,0
0.26311532,0
0.26325265,0
0.26336062,0
0.2636177,0
0.26362413,1
0.26363468,0
0.26370144,0
0.26377296,0
0.26385653,0
0.26396,0
0.2639963,0
0.2640817,0
0.2641314,0
0.2642582,0
0.26427612,0
0.26438582,0
0.2643872,0
0.26440945,0
0.2646963,0
0.2650156,0
0.2650376,0
0.26507795,0
0.26514062,0
0.2655109,0
0.26552236,0
0.26558354,0
0.26569968,0
0.26573455,0
0.2658677,0
0.26588365,0
0.26599246,0
0.2661778,0
0.26619232,0
0.26633537,0
0.26641273,0
0.2668114,0
0.26684728,0
0.26697993,0
0.26711148,0
0.26713565,0
0.26717365,0
0.26749185,0
0.2676283,0
0.26764008,0
0.26775154,0
0.26777148,0
0.26786518,0
0.26807216,0
0.26831403,0
0.26840836,0
0.26850748,0
0.26852372,1
0.26856536,0
0.26899624,0
0.26899722,0
0.26913851,0
0.26916736,0
0.2692519,0
0.26957667,0
0.2696843,0
0.27002046,0
0.27006155,0
0.2701553,0
0.270198,0
0.27070555,1
0.27071795,0
0.2707994,0
0.27081114,0
0.27086607,0
0.27090907,0
0.27101406,0
0.27108547,0
0.27129087,0
0.27160853,0
0.271803,0
0.2718707,0
0.27199832,0
0.27201295,0
0.27209705,0
0.27214882,0
0.27221173,0
0.27226865,0
0.27251905,0
0.27277565,0
0.27278343,0
0.2728945,0
0.27293655,0
0.27298474,0
0.27307752,0
0.27325487,0
0.27336597,0
0.2733819,0
0.27348852,0
0.2736414,0
0.27365786,0
0.27404296,0
0.27412486,0
0.2741995,0
0.27438402,1
0.27451456,0
0.27460223,0
0.27465343,0
0.27477527,0
0.2748083,0
0.2748267,0
0.27487087,0
0.27506915,0
0.2751152,0
0.27529106,0
0.27537128,0
0.27551037,0
0.27559268,0
0.27561185,0
0.27572045,0
0.2760629,0
0.27654633,0
0.27656078,0
0.27666914,1
0.27667442,0
0.27670848,0
0.27687973,0
0.27714834,0
0.27719003,0
0.27719876,0
0.2772652,0
0.27737972,0
0.27740163,0
0.27740616,0
0.27741814,0
0.2776092,0
0.27768672,0
0.277715,0
0.27775428,0
0.27776894,0
0.2778486,0
0.27786988,0
0.27808836,0
0.27813303,0
0.2781673,0
0.27817154,0
0.27833515,0
0.27864814,0
0.2786851,0
0.2787275,0
0.27895647,0
0.2791045,0
0.27914312,0
0.27927637,0
0.27949136,0
0.2796842,0
0.27983022,0
0.27984607,0
0.2798679,0
0.2799097,1
0.2799852,0
0.280012,0
0.2800671,0
0.28032282,1
0.28049475,0
0.2805871,0
0.28068936,0
0.28070807,0
0.28137347,1
0.2813916,0
0.281572,0
0.2818468,0
0.281882,0
0.28189987,0
0.28193033,0
0.28193575,0
0.28229025,0
0.2825417,0
0.283018,0
0.28317642,0
0.28353268,0
0.28360605,0
0.28386164,0
0.28386742,0
0.28396595,0
0.2839749,1
0.28414944,0
0.28422207,0
0.28426412,0
0.284356,0
0.28452995,0
0.2850353,0
0.28508204,0
0.28530052,0
0.28538993,0
0.28550687,0
0.2855415,0
0.28563437,0
0.28602222,0
0.28722674,0
0.28727242,0
0.28741306,0
0.2875162,1
0.2875355,0
0.28759935,0
0.28777903,0
0.2878321,0
0.2878938,0
0.28794187,0
0.28808215,0
0.2882197,0
0.28825307,0
0.2883256,0
0.28842577,0
0.28858918,0
0.28876105,0
0.288844,0
0.2890774,0
0.2891752,0
0.28919867,0
0.28927302,0
0.28942472,1
0.28959006,0
0.2898112,0
0.2902044,0
0.29028738,0
0.2903123,0
0.29036653,0
0.29043248,0
0.29046467,0
0.2904665,0
0.2905057,0
0.2905059,0
0.29055658,0
0.29063153,0
0.29070354,0
0.29095072,0
0.29096052,0
0.29109502,0
0.29110348,0
0.29118487,0
0.2913646,0
0.2914812,0
0.29157707,0
0.291592,0
0.29159522,0
0.29180443,0
0.29193836,0
0.2919767,1
0.29208645,0
0.2920896,0
0.29213873,0
0.2924046,0
0.29254198,0
0.29272455,0
0.29309267,1
0.29314375,0
0.29325673,1
0.29326805,0
0.293293,0
0.29336035,0
0.2934596,0
0.29361483,0
0.29362074,0
0.29372433,0
0.2937558,0
0.29375714,0
0.2938068,0
0.29403698,0
0.29441345,0
0.29446995,0
0.29448575,0
0.29458785,0
0.29460543,0
0.29461533,0
0.29467684,0
0.29506052,0
0.29509845,0
0.2952908,0
0.2952967,0
0.29534766,0
0.29537618,0
0.2954278,0
0.29543978,0
0.2954412,0
0.29547188,0
0.29567108,0
0.29579833,0
0.29589558,0
0.2959222,0
0.29624534,0
0.29643697,1
0.2965668,0
0.29663253,0
0.29663348,0
0.2968899,0
0.29705647,0
0.29707348,0
0.29715955,0
0.29721776,0
0.2973908,0
0.2974494,0
0.29750672,0
0.29756504,0
0.29763526,0
0.29768118,0
0.2976862,0
0.2978541,0
0.29789764,0
0.29800993,0
0.29816496,0
0.2984994,0
0.29854524,0
0.2986488,0
0.29869938,0
0.29870152,0
0.29873002,0
0.2989217,0
0.29908872,0
0.2991128,0
0.29940224,0
0.29954016,0
0.2995976,0
0.29966253,1
0.29976514,0
0.29989648,0
0.300149,0
0.3001516,0
0.30026758,0
0.3003499,0
0.30038163,0
0.30048418,0
0.30054018,0
0.30055094,0
0.3009236,0
0.30111384,0
0.30118653,0
0.3013096,0
0.3013857,0
0.30147925,0
0.3016014,0
0.30176812,0
0.30199772,0
0.3020302,0
0.30226088,0
0.30231228,0
0.30245465,0
0.30263436,0
0.3028077,0
0.30280852,0
0.302894,0
0.30334607,0
0.30345047,0
0.3039821,0
0.30413765,0
0.30415776,0
0.3041748,0
0.3044117,0
0.30444783,0
0.30451152,0
0.30451787,0
0.304546,0
0.30478373,0
0.30493483,0
0.30515724,0
0.30524838,0
0.30536252,0
0.30557048,0
0.30573818,0
0.30580336,0
0.30583072,0
0.30607915,0
0.3061371,0
0.30625293,0
0.3065544,0
0.3066663,0
0.3067783,0
0.30678552,0
0.30681634,0
0.3068686,0
0.30712682,0
0.30735305,0
0.3074677,0
0.3075384,1
0.30782962,0
0.3079441,0
0.30811074,0
0.3081137,0
0.3083363,0
0.30880046,0
0.30892438,0
0.30896103,0
0.3091426,0
0.3091731,0
0.31033528,0
0.31035987,0
0.31036845,0
0.31044936,0
0.31076115,0
0.31084237,0
0.3109812,0
0.31114674,0
0.3112774,1
0.31137758,0
0.3115029,0
0.3117025,0
0.31179968,0
0.31190902,0
0.31207836,0
0.3123433,0
0.31245476,0
0.3125329,0
0.31263518,0
0.31298733,0
0.31302458,0
0.31318185,0
0.31320822,0
0.31325597,0
0.31336662,0
0.31386784,0
0.31388572,0
0.31400737,0
0.3142444,0
0.31429365,0
0.3143822,0
0.31459653,0
0.31461352,0
0.3146419,1
0.31497213,0
0.31510496,0
0.31546557,0
0.31557316,1
0.3156166,0
0.3157773,0
0.31600133,0
0.31613445,0
0.31613547,0
0.31635916,0
0.31640628,0
0.31661463,0
0.31662083,0
0.31685385,0
0.3168763,0
0.31718904,0
0.317347,0
0.3173473,1
0.31751508,0
0.31763387,0
0.31764567,1
0.31765926,0
0.31783804,0
0.3179438,0
0.31838906,0
0.3184721,0
0.31852084,0
0.3185302,0
0.31861293,0
0.31870028,0
0.3187499,0
0.31878892,0
0.31879795,0
0.31882134,0
0.318933,0
0.31894144,0
0.31911275,0
0.31923378,0
0.31928048,0
0.3193314,0
0.31937099,0
0.31945714,0
0.31946352,0
0.31947297,0
0.31950042,0
0.31950504,0
0.32014835,0
0.3201816,0
0.32023335,0
0.3202703,0
0.32030624,0
0.32048324,0
0.3207802,0
0.32083738,0
0.32098776,0
0.32103908,0
0.32113692,0
0.32120192,0
0.32125995,0
0.32136577,0
0.3214438,0
0.3214853,1
0.3215594,0
0.32160088,0
0.32161936,0
0.32232404,0
0.32269874,0
0.32293513,0
0.32296523,0
0.32297406,0
0.3232882,0
0.32331997,0
0.32334545,0
0.3233746,0
0.32346344,0
0.32349885,0
0.3238486,0
0.32391584,0
0.3239302,0
0.32411826,0
0.32412422,0
0.32414347,0
0.32420462,0
0.32453173,0
0.32453895,0
0.32465398,0
0.3247862,0
0.3251599,0
0.32526428,0
0.32526514,1
0.32529193,0
0.32533377,0
0.32537264,0
0.3253953,0
0.32559782,0
0.32561442,0
0.3256642,1
0.32584953,0
0.3258624,0
0.32588294,0
0.3259086,0
0.3260463,0
0.32623422,0
0.3267294,0
0.3269714,0
0.32704476,0
0.32708263,0
0.32713735,0
0.3272706,0
0.32733232,0
0.32756704,0
0.32765242,0
0.32789508,0
0.32803723,0
0.328552,0
0.32869366,0
0.3289507,0
0.32908514,0
0.32909817,0
0.3291837,0
0.32922262,0
0.32931754,1
0.3293658,0
0.32940555,0
0.32941014,0
0.3296671,1
0.33000475,1
0.33006707,0
0.33006936,0
0.33019078,0
0.3302367,0
0.33032936,0
0.33041602,0
0.33066893,0
0.33068794,0
0.33071178,0
0.33076417,0
0.33084634,0
0.33111614,0
0.33120483,0
0.33134076,0
0.33136013,0
0.33138797,1
0.33149642,0
0.33150542,0
0.3315337,0
0.33162382,0
0.3317725,0
0.33181143,0
0.331913,1
0.3320561,0
0.33212137,0
0.3321372,0
0.33215845,0
0.33241138,0
0.33262604,0
0.33262634,0
0.33267772,0
0.332901,0
0.3330611,0
0.33307087,0
0.33318794,0
0.33328974,0
0.33329904,0
0.33346626,0
0.33377528,0
0.33395773,0
0.33398378,0
0.33408248,0
0.33408472,0
0.3341378,0
0.33438915,0
0.33446988,0
0.33451146,0
0.33455572,0
0.3346147,0
0.33464184,0
0.3347298,0
0.33507603,0
0.33531368,0
0.33532023,0
0.33540305,0
0.335446,0
0.33547512,0
0.33556655,0
0.33588535,0
0.33613673,0
0.33628798,0
0.33642608,0
0.3364804,0
0.33685747,0
0.33690894,0
0.33700305,0
0.33713907,0
0.3374607,0
0.33776447,0
0.33776498,0
0.3383365,0
0.33851638,0
0.33857054,0
0.33880192,0
0.33908308,0
0.33912838,0
0.33917564,0
0.33929914,0
0.33953896,0
0.3396051,0
0.3396694,0
0.33980122,1
0.33983296,0
0.33987767,0
0.34026596,0
0.3403799,0
0.34063795,0
0.3408657,0
0.3409074,0
0.34103438,0
0.34118944,0
0.34158242,0
0.34163362,0
0.3417691,0
0.34179962,0
0.34212446,0
0.342214,0
0.34222502,0
0.34239447,0
0.34244382,0
0.3426018,0
0.34260917,0
0.34261498,0
0.34263557,0
0.34264377,0
0.3426546,0
0.34269783,0
0.3428154,0
0.3433064,0
0.3434341,0
0.34347552,0
0.34407607,0
0.34425572,0
0.34427756,0
0.34432393,0
0.3443566,0
0.34436244,0
0.34445596,0
0.34446463,0
0.34448883,1
0.3445561,0
0.3450108,0
0.3450672,0
0.34508803,0
0.34513366,0
0.34516004,1
0.34519696,0
0.34519833,0
0.3453023,0
0.34572762,0
0.34595335,0
0.34600407,0
0.3462532,0
0.3462981,0
0.34637547,0
0.3464464,0
0.34652245,0
0.34690225,0
0.34700269,0
0.34706306,0
0.34713793,0
0.3471617,0
0.34718624,0
0.34729722,0
0.34761384,0
0.34768867,0
0.3477714,0
0.348075,0
0.34846115,0
0.34889793,0
0.3490891,0
0.34925804,0
0.349314,0
0.3493551,0
0.34937793,0
0.34938672,0
0.34959978,0
0.349684,0
0.34972674,0
0.34991804,0
0.35014498,0
0.3503017,0
0.35035303,0
0.35039145,0
0.35047752,0
0.3505272,0
0.3507213,0
0.35073274,0
0.3507445,0
0.35102552,0
0.35110945,0
0.351204,0
0.35135227,0
0.3513919,0
0.35170043,0
0.35179263,0
0.3519889,0
0.35211754,0
0.35212612,0
0.35248637,0
0.35248992,0
0.35266295,1
0.3526703,1
0.35285056,0
0.3529813,0
0.35310364,0
0.35338327,0
0.3534261,0
0.35367417,0
0.35367456,0
0.35370678,0
0.35384142,0
0.35392708,0
0.35407788,0
0.35409775,0
0.35414374,0
0.3543612,0
0.35439324,0
0.35453042,0
0.35468435,0
0.35469308,0
0.35481268,0
0.35485694,0
0.3548661,0
0.3549528,0
0.35520995,0
0.3554421,0
0.35556048,0
0.35601002,0
0.35608608,0
0.35620832,1
0.35642016,0
0.3564372,0
0.35658312,0
0.35663566,0
0.35667184,0
0.35704094,0
0.35708925,0
0.35715842,0
0.35722497,0
0.3577151,0
0.35802662,0
0.35822386,0
0.35866758,0
0.35877636,0
0.35896155,0
0.35907075,0
0.3592732,0
0.35944515,0
0.3594997,0
0.35954905,0
0.35990584,0
0.35990667,0
0.35995618,0
0.3603828,0
0.36067283,0
0.36079457,0
0.36098439,0
0.3610257,0
0.36103827,0
0.36120588,0
0.36121735,0
0.36131042,0
0.3613384,0
0.36147738,0
0.36154282,0
0.3617948,0
0.36198452,0
0.3620749,0
0.36210144,0
0.36215985,0
0.36236444,0
0.36238605,0
0.36248583,0
0.3625505,0
0.36280185,0
0.36286694,0
0.36311206,0
0.36325473,0
0.3633182,0
0.36385757,0
0.36386526,0
0.36415046,0
0.36424482,0
0.3645491,0
0.36479557,0
0.36481443,0
0.3648487,0
0.36485282,1
0.36517543,0
0.36522663,0
0.3653196,0
0.36534292,0
0.36534294,0
0.3654406,1
0.36557552,0
0.36565718,1
0.36572927,0
0.36578226,0
0.366261,0
0.3663111,0
0.36634177,0
0.36646676,0
0.36650956,0
0.36675048,0
0.36710268,0
0.36721188,0
0.36721838,0
0.36726832,0
0.36730146,0
0.3673091,0
0.3673501,0
0.36743397,0
0.3682344,0
0.36829793,0
0.36834347,0
0.3685152,0
0.36872798,0
0.3688243,0
0.369142,0
0.36921263,1
0.369214,0
0.3698123,0
0.3700299,0
0.37015033,0
0.3701779,0
0.37026563,0
0.37073645,0
0.3708229,0
0.37083018,0
0.37095636,0
0.37096786,0
0.37097698,0
0.3709795,0
0.37110627,0
0.37113017,0
0.37125683,0
0.37129202,0
0.37160096,0
0.37162888,0
0.37164745,0
0.37173235,0
0.3717847,0
0.37205574,0
0.37205797,0
0.3721005,1
0.3721938,0
0.3723908,0
0.37263617,0
0.372845,0
0.3729046,0
0.3730489,0
0.3731069,0
0.3731669,0
0.37326574,0
0.37327474,0
0.37329686,0
0.37348127,0
0.37348518,0
0.3736213,0
0.3736614,0
0.37371203,0
0.37390405,0
0.37413654,0
0.37418643,0
0.3743611,0
0.37437963,0
0.37447008,0
0.37455043,1
0.37476385,0
0.37483734,0
0.3749746,0
0.375255,0
0.37526828,0
0.37529203,0
0.37530273,0
0.37538308,0
0.37559873,0
0.37561503,0
0.37569106,0
0.37570703,0
0.3757497,0
0.37610367,0
0.3763759,0
0.37656987,0
0.3766737,0
0.3768717,0
0.37687734,0
0.37706494,0
0.37708297,0
0.37708905,0
0.37716702,0
0.37717918,1
0.37722778,0
0.3774115,0
0.37750795,0
0.37762755,0
0.3779507,0
0.37805122,0
0.37821108,0
0.3785001,0
0.37856588,0
0.3787666,0
0.3788529,0
0.3789762,0
0.37910366,0
0.37910455,0
0.3791308,1
0.3792386,0
0.37926838,0
0.37930444,0
0.37935942,0
0.37938893,0
0.37940466,0
0.37945873,0
0.3800277,0
0.38004282,0
0.3800967,0
0.38059253,0
0.38079172,0
0.38116583,0
0.38120705,0
0.3814068,0
0.38158813,0
0.38181368,0
0.38183653,0
0.3818382,0
0.3821882,0
0.3824921,0
0.382574,0
0.38269377,0
0.38275582,0
0.38287744,0
0.38296425,0
0.38313854,0
0.38351,0
0.38363326,0
0.38365847,0
0.3838001,0
0.38382453,0
0.38398746,0
0.3843715,0
0.38475,0
0.3847714,0
0.3853802,0
0.38549963,0
0.38552806,0
0.38566273,1
0.38602304,0
0.3865395,0
0.38667065,0
0.38669002,0
0.38696218,0
0.3870764,0
0.38712686,0
0.387439,0
0.38813686,0
0.3883441,0
0.38846856,0
0.38860846,0
0.38861364,0
0.38869193,0
0.38879234,0
0.38879842,0
0.38887984,0
0.38894916,0
0.3890283,0
0.3892092,0
0.38931984,0
0.38933596,0
0.38934407,0
0.38949788,0
0.38954687,0
0.38988823,0
0.38996273,0
0.3901071,0
0.3902384,0
0.39036205,0
0.3905384,0
0.3905668,0
0.39089158,0
0.39099482,0
0.39133123,0
0.3917247,0
0.39179415,0
0.39227283,0
0.39240596,0
0.39273274,0
0.392795,0
0.39293358,0
0.3930124,0
0.3931619,0
0.39327836,0
0.39328507,0
0.39329123,0
0.39333847,1
0.39339262,0
0.39342472,0
0.39353758,0
0.3936953,0
0.39373156,0
0.39379406,0
0.39417762,0
0.39422566,0
0.39450854,0
0.3945312,0
0.3945404,0
0.3945762,0
0.39464945,0
0.39470494,0
0.39483374,0
0.39495197,0
0.39551032,0
0.39551476,0
0.39560115,0
0.39562026,0
0.39595586,0
0.3960394,0
0.3961748,0
0.39625576,0
0.39641714,0
0.3964412,0
0.3965834,0
0.39664072,0
0.39693028,1
0.39701566,0
0.3970487,0
0.39706314,0
0.39707887,0
0.39760596,0
0.3977368,0
0.39814222,0
0.39818394,0
0.39818954,0
0.39832193,0
0.39838713,0
0.39843273,0
0.3985597,0
0.39858168,0
0.39861473,0
0.3989324,0
0.3989358,0
0.39923435,0
0.39925602,0
0.39939764,0
0.39941424,0
0.3995477,0
0.39958638,0
0.3998211,0
0.40017065,0
0.4002464,0
0.40028864,0
0.40031385,0
0.40033606,0
0.4005951,0
0.40076274,0
0.4007839,1
0.40084606,0
0.40091887,0
0.40094298,0
0.4010569,0
0.40111613,0
0.40128133,0
0.40131193,0
0.4014558,0
0.40158796,0
0.40161026,0
0.40212542,0
0.40223545,0
0.4022559,0
0.402534,0
0.40268698,0
0.4029186,0
0.40297225,0
0.40297863,0
0.40303677,0
0.40318832,0
0.4033574,0
0.4034361,0
0.4035298,0
0.4037513,0
0.40386972,0
0.40419018,0
0.40422538,0
0.40422583,0
0.40456495,0
0.4046356,0
0.40470293,0
0.40473738,0
0.40483582,0
0.4048372,0
0.40509525,1
0.4053714,0
0.40554377,0
0.40554824,0
0.40562806,0
0.40567115,0
0.40589255,0
0.40597755,0
0.40599304,0
0.40640432,0
0.4066511,0
0.40669125,0
0.4068941,0
0.4069823,0
0.40712214,0
0.4074481,0
0.40763798,0
0.4076529,0
0.40768874,0
0.40807042,0
0.4080869,0
0.4081225,0
0.4082373,0
0.40836138,0
0.4084828,0
0.40850544,0
0.40858036,0
0.4086082,0
0.40869913,0
0.4090102,0
0.40921345,0
0.4100255,0
0.41020894,0
0.41028792,0
0.4103444,0
0.41042763,0
0.41043344,0
0.41045663,0
0.4104889,0
0.41067535,0
0.4107387,1
0.41073942,0
0.41093254,0
0.41094452,0
0.41102353,0
0.4111526,0
0.4112054,0
0.41121495,0
0.41144252,0
0.4117756,0
0.41179693,0
0.4118139,0
0.4120137,0
0.4121978,0
0.41229233,0
0.41230544,0
0.4124223,0
0.4127392,0
0.41280624,0
0.4129356,0
0.41342676,0
0.41380104,0
0.41386634,0
0.413898,0
0.41417313,0
0.4143116,0
0.41449016,0
0.4147604,0
0.41477096,0
0.41513294,0
0.41523874,0
0.4153237,0
0.41540802,0
0.41565025,0
0.41585845,0
0.4158905,0
0.41598284,0
0.41631573,0
0.41636154,0
0.4165878,0
0.41666707,0
0.416677,0
0.4167139,0
0.41688943,0
0.41689914,0
0.4169427,1
0.41722792,0
0.41724366,0
0.41726768,0
0.41745138,0
0.41748738,0
0.41750515,0
0.41781926,0
0.41800085,0
0.4180689,0
0.41807038,1
0.41826746,0
0.41837656,0
0.4183842,0
0.41847223,0
0.41852105,0
0.41856977,0
0.41858038,0
0.418903,0
0.41911477,0
0.41912597,0
0.41935915,0
0.4195767,1
0.41959268,0
0.41961503,0
0.41961992,0
0.41964203,0
0.41977382,0
0.41985577,0
0.42020124,0
0.42022264,0
0.42022648,0
0.4202569,0
0.420387,0
0.4205899,0
0.42085853,0
0.42113245,0
0.42123708,0
0.4216135,0
0.42182988,0
0.42205563,0
0.42268798,0
0.42286676,0
0.4228686,0
0.4229663,0
0.42300352,0
0.42302656,0
0.4230621,0
0.42309755,0
0.423177,0
0.4232397,0
0.423518,0
0.42354,0
0.4238138,0
0.42385453,0
0.42398548,0
0.42400017,0
0.42423874,0
0.42446718,0
0.42473236,0
0.42475277,0
0.42485583,0
0.42510486,0
0.42517716,0
0.42518678,0
0.42519277,0
0.42523533,0
0.42524278,0
0.4252534,0
0.4252944,0
0.425395,0
0.42558295,0
0.42571497,0
0.4260111,0
0.42606103,0
0.426436,0
0.42663503,0
0.42671376,0
0.42671898,0
0.42680028,0
0.42682296,0
0.42701322,0
0.42701444,0
0.42722735,0
0.42738515,1
0.42745388,0
0.4274964,1
0.4276513,0
0.4278172,0
0.42791426,0
0.42798212,0
0.42814296,0
0.4281613,0
0.4282235,1
0.42828327,0
0.42840225,0
0.42911595,0
0.42913833,0
0.4292682,0
0.42941037,0
0.42942646,0
0.4295479,0
0.4298103,0
0.429972,0
0.43022895,0
0.43025655,0
0.43025824,0
0.4302795,0
0.43048453,0
0.4306968,0
0.43072122,1
0.4307245,0
0.43098903,0
0.43101543,0
0.43111676,0
0.4313367,0
0.4314354,0
0.43156195,1
0.4315813,0
0.4316872,0
0.43181744,0
0.4318641,0
0.4320388,0
0.4324484,0
0.43260396,0
0.43261644,0
0.43267652,0
0.43268836,0
0.4332363,0
0.43333182,0
0.43375427,0
0.43422353,0
0.4342309,1
0.43425003,0
0.43434227,0
0.43457827,0
0.43479165,0
0.43522406,0
0.43542585,0
0.4354791,0
0.4356249,0
0.43574584,1
0.4357972,0
0.43583506,0
0.43593478,0
0.4359876,0
0.4360674,0
0.43628612,0
0.43628877,0
0.43631482,0
0.43643954,0
0.4364744,0
0.4370201,0
0.4370978,0
0.437114,0
0.4371247,0
0.43718857,1
0.43764603,0
0.43771315,0
0.4377966,0
0.43800977,0
0.43828633,0
0.43859863,0
0.4386195,0
0.43878403,0
0.43890634,0
0.43908012,0
0.43957412,0
0.43974474,0
0.43980873,0
0.4400246,0
0.44039178,0
0.44048277,0
0.44050187,0
0.44051617,0
0.44055012,0
0.4407324,0
0.4408196,1
0.44082743,0
0.440847,0
0.44094235,0
0.44108963,0
0.44116604,0
0.44126013,1
0.4412684,0
0.4415028,0
0.4415279,0
0.441535,0
0.44161537,0
0.44189867,0
0.44197685,0
0.4421814,1
0.44222638,0
0.44223934,0
0.44231167,0
0.4423185,0
0.44234985,0
0.44240364,0
0.4424079,0
0.442582,0
0.44259733,0
0.44264388,0
0.44270235,0
0.4427694,0
0.44288063,0
0.44291377,0
0.44301546,0
0.4433234,0
0.44345066,0
0.44369826,0
0.44377458,0
0.44381103,0
0.4438864,0
0.4445045,0
0.4445121,0
0.44452238,0
0.4446995,0
0.4447419,0
0.44487375,0
0.44493344,0
0.44498685,0
0.44546932,0
0.44548064,0
0.4455945,0
0.44589838,0
0.44594598,0
0.44600537,0
0.44603667,0
0.44604823,0
0.44615978,0
0.4461736,0
0.44628716,0
0.44630775,0
0.44675797,0
0.44709525,0
0.44732904,0
0.44743568,0
0.44808024,0
0.44815913,0
0.44818413,0
0.4482315,0
0.44835716,0
0.4484709,0
0.44869566,1
0.44882268,0
0.44891953,0
0.44906154,0
0.44920224,0
0.44921917,0
0.4492933,0
0.44942614,0
0.44981015,0
0.4500159,0
0.45015392,0
0.4504591,0
0.4504911,0
0.45075724,0
0.4507694,0
0.4507857,0
0.45086473,0
0.4509285,0
0.45097056,0
0.45127845,0
0.45145807,0
0.45159388,0
0.45180294,0
0.45188925,0
0.4519392,0
0.45204422,0
0.452231,0
0.4526957,0
0.45279026,0
0.45289373,0
0.45305443,0
0.45326316,0
0.45362738,0
0.45377532,1
0.45424506,0
0.45442808,0
0.45453805,0
0.4545549,0
0.45457998,0
0.45460233,0
0.454742,0
0.4547922,0
0.45484418,0
0.45485544,0
0.4550138,0
0.45508984,0
0.45511103,0
0.45522553,0
0.45569026,0
0.4557892,0
0.45599368,0
0.45607257,0
0.45620492,0
0.456295,0
0.4563685,0
0.45659262,0
0.4566304,0
0.45665392,0
0.45677423,0
0.45684564,0
0.4568841,0
0.45710042,0
0.457129,0
0.4574402,0
0.45765764,0
0.45776737,0
0.45802152,0
0.458066,0
0.45818722,0
0.45852816,0
0.45857865,0
0.45858923,0
0.45901847,1
0.4595249,0
0.46012658,0
0.46041965,0
0.46042204,0
0.46053454,0
0.46084636,0
0.46095276,0
0.46105164,0
0.46113116,0
0.46113718,0
0.46117276,0
0.46118563,0
0.46128994,0
0.46135348,0
0.46159643,0
0.46188748,0
0.4619099,0
0.46204302,0
0.4620815,0
0.4622005,0
0.46226153,0
0.46254438,0
0.46268827,0
0.46275473,0
0.46282524,0
0.46309474,0
0.46316946,0
0.4635504,0
0.46370164,0
0.46398214,0
0.4640649,0
0.4641032,0
0.46424687,0
0.46439254,0
0.465311,0
0.46531415,0
0.46577606,0
0.46606252,0
0.46609378,0
0.4661067,0
0.4661758,0
0.46630228,0
0.46637508,0
0.46638122,0
0.4663879,0
0.466504,0
0.46683657,0
0.46690387,0
0.466987,0
0.4669952,0
0.46756655,0
0.46764147,0
0.46765321,0
0.46769935,0
0.46781877,0
0.4678425,0
0.4681183,0
0.4681915,0
0.4685569,0
0.4686083,0
0.46876404,0
0.4688747,0
0.469428,0
0.46973914,0
0.46982738,0
0.46994734,0
0.4705361,0
0.47062266,0
0.47071108,0
0.47074035,0
0.47110152,0
0.47140124,0
0.47141075,0
0.47180206,0
0.4718678,0
0.47220728,0
0.47234836,0
0.4724806,0
0.47255024,0
0.4728142,0
0.47282082,0
0.47283912,0
0.47292307,0
0.4732597,0
0.47334188,0
0.47360045,0
0.47369647,0
0.47419858,1
0.47426188,0
0.47431615,0
0.47442472,0
0.474447,0
0.47459933,0
0.47463042,0
0.47467953,0
0.4747551,0
0.47476766,0
0.47496185,0
0.4754605,0
0.47552827,0
0.47565457,0
0.47583455,0
0.4760539,0
0.476462,0
0.47653762,0
0.47686183,0
0.47690356,0
0.4770201,0
0.47706243,0
0.47723925,0
0.47726226,0
0.47744393,0
0.47748885,0
0.47759384,0
0.4776563,1
0.47767165,0
0.47780487,0
0.47801396,0
0.47803557,0
0.47810242,0
0.47818384,0
0.47828594,0
0.47847798,0
0.47847852,0
0.4787302,0
0.478781,0
0.4791301,0
0.47929135,0
0.47964874,0
0.47969905,0
0.47979683,0
0.47992444,0
0.48011324,0
0.48013666,0
0.48022828,0
0.48047033,0
0.48053038,0
0.48117173,0
0.48127785,0
0.481864,0
0.48210233,0
0.48215243,0
0.48240468,0
0.48281637,0
0.4828589,0
0.48317522,0
0.48340756,1
0.4835379,0
0.48449528,0
0.48464882,0
0.48472703,0
0.48484182,0
0.48486495,0
0.48563778,0
0.48569137,0
0.48595062,0
0.4861117,1
0.48617962,0
0.48629367,0
0.48644856,0
0.4864518,0
0.48645264,0
0.48645622,0
0.48648238,0
0.48666638,0
0.4868415,0
0.48697287,0
0.48707464,0
0.48709112,0
0.4872817,0
0.48737663,0
0.48748392,0
0.48762208,0
0.4876435,0
0.48769054,0
0.48772576,0
0.48817644,0
0.48826343,0
0.4884928,0
0.48866206,0
0.48870856,0
0.4888754,0
0.48901042,0
0.48902202,0
0.48903918,0
0.489046,0
0.48906863,0
0.4892522,0
0.4893605,0
0.4895222,0
0.48954833,0
0.48963505,0
0.48981035,0
0.49020663,0
0.49027485,0
0.4907006,0
0.49090722,1
0.49100375,0
0.49141973,1
0.49173662,0
0.49179745,0
0.49212646,0
0.49215627,0
0.49217123,0
0.49227017,0
0.4922914,0
0.49244243,0
0.49248135,0
0.49253064,0
0.49262553,0
0.49263018,0
0.4926854,0
0.49295393,0
0.49319,0
0.49344975,0
0.49349654,0
0.49365,0
0.49366882,0
0.4937089,0
0.49388486,0
0.49400634,0
0.49412733,0
0.49457058,0
0.49458748,0
0.4947734,0
0.49481022,0
0.49501026,0
0.49511963,0
0.49515814,0
0.49522156,0
0.49525446,0
0.49538943,0
0.49546707,0
0.495499,0
0.49558422,0
0.49591285,0
0.4960098,0
0.49602586,0
0.49657822,0
0.4965874,0
0.49689603,0
0.496899,0
0.49704295,0
0.49742368,1
0.4974538,0
0.49748728,0
0.49755847,0
0.49757594,1
0.4975897,0
0.49773353,0
0.49784526,0
0.49785337,0
0.49789354,0
0.49792707,0
0.49793312,0
0.49793586,0
0.4980648,0
0.49823034,0
0.49826404,0
0.49826553,0
0.4985628,0
0.49871534,0
0.49879852,0
0.49894187,0
0.4990239,0
0.49913704,0
0.49932337,0
0.4993379,0
0.4993396,0
0.49944118,0
0.49955577,0
0.49978375,0
0.49998116,1
0.50015265,0
0.5003489,0
0.50035703,0
0.50054383,0
0.50081766,0
0.50109845,0
0.50138193,0
0.5014681,0
0.50155544,0
0.5018752,0
0.5021958,0
0.5022844,0
0.502338,0
0.50238204,0
0.50242203,0
0.50249845,0
0.5028081,0
0.50283456,0
0.5029975,0
0.5031293,0
0.5032416,0
0.5033095,0
0.50331795,0
0.50333434,0
0.503666,0
0.50367403,0
0.5038223,0
0.50397784,0
0.5039887,0
0.5040266,0
0.5041631,0
0.5041775,0
0.50447226,0
0.5045152,0
0.50455546,0
0.50459254,0
0.5046345,0
0.5048345,0
0.5049239,0
0.50494754,0
0.5050187,0
0.5050497,0
0.5050529,0
0.50505847,0
0.50527704,0
0.505348,0
0.50567394,0
0.506002,0
0.50609267,0
0.50619656,0
0.50663227,0
0.5068445,0
0.5069821,0
0.5071362,0
0.5072479,0
0.50727284,0
0.50816196,0
0.5081831,0
0.5082237,0
0.5082876,0
0.50829077,0
0.5085584,0
0.5087004,0
0.50871754,0
0.5087547,0
0.5089389,0
0.50893945,0
0.50898063,0
0.5090449,0
0.5091208,0
0.5091346,0
0.5091914,0
0.50929564,0
0.5094867,0
0.50958645,0
0.50959677,0
0.50989896,0
0.5100318,0
0.5101271,0
0.5102291,0
0.5107205,0
0.5107207,0
0.51089734,0
0.5110266,0
0.5111702,0
0.51137555,0
0.5114345,0
0.5115045,0
0.5115611,0
0.5120489,0
0.5121771,0
0.5123937,0
0.51250064,0
0.5126988,0
0.5126995,0
0.5128944,0
0.5130999,0
0.5131388,0
0.51333535,0
0.51350904,0
0.5137607,0
0.51385325,0
0.5139555,0
0.51407105,0
0.5144748,0
0.5144957,0
0.5146595,0
0.51488006,0
0.5149991,0
0.515134,0
0.5151786,0
0.51519454,0
0.5152536,0
0.51555467,0
0.5155599,0
0.515785,0
0.5158513,0
0.5160345,0
0.51625407,0
0.5164238,0
0.5164249,0
0.5165565,0
0.51685274,0
0.51700556,0
0.5173481,0
0.5173736,0
0.517644,1
0.5179377,0
0.5179938,0
0.51852816,0
0.5188957,0
0.5189996,0
0.51905906,0
0.5190601,0
0.51909333,0
0.51948595,0
0.5196137,0
0.51965374,0
0.51989186,0
0.52040493,0
0.5205698,0
0.52057433,0
0.5206496,0
0.52077746,0
0.5210116,0
0.5212017,1
0.5212591,0
0.5212749,0
0.52150047,0
0.5217226,0
0.5217488,0
0.5217853,0
0.5219024,0
0.5222243,0
0.5222758,0
0.5223063,0
0.52236414,0
0.5224166,0
0.5225513,0
0.522576,0
0.52387923,0
0.523977,0
0.5240354,0
0.5241614,0
0.52427065,0
0.52427405,0
0.5243695,0
0.52455676,0
0.52484745,0
0.5248724,0
0.52558583,0
0.52570367,0
0.5257953,0
0.5259668,0
0.5262368,0
0.526736,0
0.52689236,0
0.52718073,0
0.5272783,0
0.5274655,0
0.52768457,0
0.527694,0
0.52808523,0
0.5281441,0
0.52816004,0
0.52821577,0
0.52878165,0
0.5288793,0
0.5292461,0
0.52930844,0
0.5293114,0
0.52934486,0
0.5297349,0
0.5298929,0
0.53000885,0
0.5303555,0
0.5304885,1
0.530536,0
0.53065455,0
0.5306958,1
0.5307604,0
0.5308177,0
0.5308295,0
0.53115463,0
0.5311567,0
0.5312719,0
0.5313268,0
0.53140795,0
0.53160733,0
0.53166294,0
0.5317292,0
0.5317479,0
0.5318269,0
0.5319464,0
0.5320636,0
0.532065,0
0.532281,0
0.5324944,0
0.532613,0
0.5326484,0
0.53273445,0
0.53292394,0
0.5329598,0
0.53311884,0
0.5332505,0
0.53327924,0
0.5335517,0
0.5338822,0
0.53405315,0
0.5341238,0
0.5346021,0
0.5348284,0
0.53486264,0
0.5350902,0
0.53509736,0
0.53519917,0
0.53543174,0
0.5355004,0
0.5356829,0
0.5361188,0
0.536555,1
0.5372202,0
0.53745186,0
0.5376644,1
0.53776515,0
0.53811294,0
0.5381346,0
0.538442,0
0.53853965,0
0.53855044,0
0.53879774,0
0.53891367,0
0.5389557,0
0.53907084,0
0.5396328,0
0.539817,0
0.5404134,0
0.5404246,0
0.54044104,0
0.5405678,0
0.54058105,0
0.54084915,0
0.5408814,0
0.54105234,0
0.5413745,0
0.5414009,0
0.5420967,0
0.5422008,0
0.5422386,0
0.5424291,0
0.54267263,0
0.54317826,0
0.5432927,1
0.5433841,0
0.54422665,0
0.54429775,1
0.54429996,0
0.5447331,0
0.54483426,0
0.5450945,0
0.54527503,0
0.54540205,0
0.54543597,0
0.54567105,0
0.5456923,0
0.54576993,0
0.545935,0
0.5460489,0
0.54614687,0
0.54629576,0
0.54631186,0
0.54634964,0
0.5465816,0
0.5465824,0
0.5467619,0
0.5469583,0
0.5469969,1
0.54722184,0
0.5474481,0
0.5476286,0
0.5477073,0
0.5479135,0
0.54880536,0
0.54886615,0
0.54887664,0
0.5493481,0
0.54956627,0
0.5497294,0
0.5497895,0
0.54979306,0
0.5499035,0
0.54995644,0
0.5501019,1
0.5501134,0
0.55046207,0
0.55053174,0
0.5509605,0
0.55122626,0
0.55125165,0
0.5512543,0
0.5513714,0
0.55167294,0
0.55171573,0
0.5517659,0
0.5518743,0
0.55199206,0
0.5521456,0
0.55217683,0
0.552389,0
0.5524316,0
0.5526161,0
0.5526785,0
0.5526928,0
0.5527997,0
0.5528097,0
0.5528214,0
0.55301225,0
0.5530211,0
0.55315125,0
0.55363345,0
0.55366814,0
0.5545124,0
0.5545265,0
0.55460465,0
0.55496246,0
0.5550258,0
0.5552725,1
0.55530304,0
0.55537564,0
0.5555037,0
0.5555343,0
0.55560106,0
0.5556227,0
0.5558644,0
0.55604494,0
0.5562873,0
0.55641073,0
0.5564873,0
0.55681276,0
0.5568489,0
0.5569487,0
0.5569859,0
0.5570069,0
0.5570264,0
0.55722684,0
0.55731624,0
0.55778146,0
0.5578668,0
0.55796456,0
0.5581365,0
0.5583145,0
0.5584103,0
0.5584117,0
0.558436,0
0.5584743,0
0.5586792,0
0.5587355,0
0.5588959,0
0.55892885,0
0.55917907,0
0.55943346,0
0.5594672,0
0.5595695,0
0.5597396,0
0.55981886,0
0.5598433,0
0.5598999,0
0.5599329,0
0.56018066,0
0.56035185,0
0.5603973,0
0.56047636,0
0.56064814,0
0.56069833,0
0.56087005,0
0.560891,0
0.5609937,0
0.5611359,0
0.56117964,0
0.5613955,0
0.56144756,0
0.5615102,0
0.56151927,0
0.56207967,0
0.5621643,0
0.5622115,0
0.56237686,0
0.56266326,0
0.5629171,0
0.56298214,0
0.56323,0
0.5634024,0
0.56345004,0
0.56356907,0
0.56366575,0
0.5638486,0
0.56395006,0
0.5641707,0
0.5642993,0
0.564342,0
0.56442994,0
0.56443876,0
0.5644716,0
0.5645143,0
0.5647154,0
0.56487924,0
0.5648957,0
0.56493217,0
0.56497765,0
0.56498027,0
0.5653193,0
0.5654864,0
0.56560653,0
0.5659241,0
0.56599224,0
0.56610954,0
0.5661588,0
0.56668794,0
0.5667195,0
0.56712323,0
0.5673408,0
0.5679773,0
0.56807697,0
0.5680799,0
0.5681415,0
0.56815416,0
0.5681881,0
0.5685673,0
0.5685924,0
0.5686024,0
0.5686982,0
0.56878364,0
0.56882197,0
0.5691696,0
0.56932324,0
0.56935203,0
0.5693546,0
0.5694324,0
0.5695114,0
0.5697491,0
0.5699264,0
0.5699459,0
0.57006514,0
0.57029253,0
0.5703995,0
0.5704577,0
0.5705773,0
0.57085353,0
0.5708798,0
0.57092345,0
0.5710155,0
0.571053,0
0.5716643,0
0.57170963,0
0.5717282,0
0.57189137,0
0.5720317,0
0.57230157,0
0.5724946,0
0.5726818,1
0.57269526,0
0.57271814,0
0.57291335,0
0.57302284,0
0.57323426,0
0.5733352,0
0.57343817,0
0.57350403,0
0.573709,0
0.5737517,0
0.5738335,0
0.57383794,0
0.57411486,0
0.5745433,0
0.5747792,0
0.57494843,0
0.5749817,0
0.5752113,0
0.57525504,0
0.5752856,0
0.57534033,0
0.5756595,0
0.5759586,0
0.5759718,0
0.57597905,0
0.5760836,0
0.57617724,0
0.5764082,0
0.5764912,0
0.57658994,0
0.5766859,0
0.57674944,0
0.5772906,1
0.5773777,0
0.57753086,0
0.57756793,0
0.5776529,0
0.57770824,0
0.5779684,0
0.57817173,0
0.5782609,0
0.57842964,0
0.5784706,0
0.5785944,0
0.5786128,0
0.5789818,0
0.5790407,0
0.57947767,0
0.57948285,0
0.57949036,0
0.57955277,0
0.58007944,0
0.5802438,0
0.580409,0
0.58046234,0
0.5806943,1
0.5808804,0
0.5809533,0
0.581072,0
0.5811085,0
0.5811748,0
0.58122516,0
0.58139217,0
0.58139837,0
0.58152854,1
0.5816229,0
0.58190936,0
0.5819146,0
0.5819858,0
0.58216155,0
0.5821876,0
0.58245087,0
0.58259875,0
0.5826678,0
0.58273035,0
0.5827958,0
0.58296835,0
0.58302844,0
0.5832842,0
0.5838423,0
0.5839012,0
0.58396846,0
0.5840169,0
0.58411515,0
0.5841219,0
0.584165,0
0.5843185,0
0.5843705,0
0.5845026,0
0.5845522,0
0.5846605,0
0.58469427,0
0.5848087,0
0.5848738,0
0.5849908,0
0.5852684,0
0.5852709,0
0.5852792,0
0.58537203,0
0.5856547,0
0.5856749,0
0.5857267,0
0.585855,0
0.5863179,0
0.5864177,0
0.5864733,0
0.58658737,0
0.5868036,0
0.58686036,0
0.58709055,0
0.58745,0
0.587587,0
0.5877555,0
0.58801496,0
0.58851385,0
0.58925444,0
0.58929193,0
0.58938533,0
0.58948654,0
0.5896125,0
0.5898138,0
0.58982396,0
0.5898675,0
0.59003115,0
0.5904248,0
0.5904297,0
0.59046745,0
0.5906454,0
0.5907173,0
0.5908575,0
0.5908991,0
0.5910986,0
0.5911305,0
0.59118557,0
0.5912088,0
0.5914808,0
0.5915509,0
0.5917457,0
0.5918387,0
0.5919217,0
0.5919793,0
0.59216297,0
0.5922233,0
0.59223783,0
0.5924168,0
0.59261084,0
0.5928846,1
0.5929965,0
0.593028,0
0.59332097,0
0.5939084,0
0.5939314,0
0.5943453,0
0.59435534,0
0.5944103,0
0.59449875,0
0.59458846,0
0.5947283,0
0.59514135,0
0.59526813,0
0.5953057,0
0.595506,0
0.595951,0
0.5961349,0
0.5961611,1
0.5961872,0
0.5962144,0
0.5963677,0
0.5963914,0
0.59644586,0
0.59656477,0
0.5967234,0
0.59678596,0
0.5969188,0
0.59730566,0
0.5973457,0
0.5976412,0
0.5976652,0
0.59799254,0
0.5980748,0
0.59817636,0
0.59836173,0
0.59850305,0
0.5986136,0
0.5986276,0
0.5992318,0
0.59932995,0
0.59954125,0
0.60009176,0
0.6002277,0
0.60029566,0
0.6003299,0
0.60045683,1
0.60046697,0
0.60057783,0
0.6005881,0
0.6007435,0
0.60077965,0
0.60079056,0
0.6009345,0
0.60098255,0
0.6010507,0
0.6012826,0
0.6012946,0
0.6013098,0
0.6014466,0
0.6014906,0
0.6015543,0
0.601566,0
0.60218656,0
0.6022751,0
0.6023992,0
0.60241866,0
0.6024302,0
0.60265857,0
0.60279584,0
0.60280335,0
0.60286194,0
0.602926,0
0.60299057,0
0.6030145,0
0.6033052,0
0.60359395,1
0.6037976,1
0.60420036,0
0.6045838,0
0.604589,0
0.6047014,0
0.60503477,0
0.60513914,0
0.6052094,0
0.6052318,0
0.6055275,0
0.60567635,1
0.60568595,0
0.60582346,0
0.60595083,0
0.6059871,0
0.60598916,1
0.6061107,1
0.6064167,0
0.60657537,0
0.60686433,0
0.60697347,0
0.6071582,0
0.60732377,0
0.60738224,1
0.6078329,0
0.6082704,0
0.6083044,0
0.60832345,0
0.6083666,0
0.60859543,1
0.6086259,0
0.6089712,0
0.60912895,0
0.6091997,0
0.6092554,0
0.6095162,0
0.60966563,0
0.6097264,0
0.6100671,0
0.6101588,0
0.6102666,0
0.61027807,0
0.6103141,0
0.61061585,0
0.6109739,0
0.6111067,0
0.61112934,0
0.61118096,0
0.611213,0
0.6112234,0
0.6113038,0
0.611449,0
0.61173785,0
0.61179405,0
0.6118161,0
0.6118834,0
0.61192524,0
0.6119963,0
0.6120747,0
0.6122449,0
0.61231947,0
0.61235833,0
0.61247534,0
0.61270785,0
0.6132832,0
0.6134076,0
0.6134257,0
0.613459,0
0.61351156,0
0.61352575,0
0.61356676,0
0.6135843,0
0.6138992,0
0.6143073,0
0.6145793,0
0.614588,0
0.61485004,0
0.6149391,0
0.6150388,0
0.6151847,0
0.61523104,0
0.6154381,0
0.61548114,0
0.61555505,1
0.6156564,0
0.61565673,0
0.6157141,1
0.6159422,0
0.61645734,0
0.6167273,1
0.61696666,0
0.61697006,0
0.61697924,0
0.61712384,0
0.6173694,0
0.61748743,0
0.6175109,0
0.6178968,0
0.6182191,0
0.6185295,0
0.6187876,0
0.6189406,0
0.61911845,0
0.61934704,0
0.61938226,0
0.619449,0
0.61947423,0
0.6196577,0
0.6197112,0
0.61975837,0
0.6198591,0
0.61999625,0
0.6201228,0
0.62033325,0
0.6203387,0
0.62043613,0
0.62085426,0
0.62093925,0
0.62142444,0
0.62149036,0
0.6216753,0
0.62209713,1
0.62216544,0
0.6221787,0
0.62233835,0
0.62237275,0
0.6224241,0
0.62273884,0
0.6229043,0
0.6229493,0
0.62307835,0
0.62322223,0
0.62324816,1
0.623253,0
0.6232841,0
0.62343454,0
0.62359244,0
0.6237767,0
0.62381124,0
0.6239214,0
0.6242693,0
0.6243266,1
0.6246618,0
0.6247193,0
0.62485266,0
0.62509227,0
0.6253704,0
0.6253824,0
0.6257515,0
0.6259742,0
0.62598145,0
0.62623775,0
0.62629545,0
0.6265576,1
0.62657666,0
0.6269481,0
0.62720525,0
0.6272339,0
0.62747633,0
0.6275058,0
0.6275559,0
0.62807655,0
0.6282432,0
0.6283444,0
0.62847537,0
0.62861204,0
0.6286181,1
0.6287677,0
0.6288346,0
0.62884855,0
0.6288854,0
0.6289041,0
0.62898487,0
0.62923944,0
0.62925947,0
0.629422,0
0.6295653,0
0.6297425,0
0.6298219,0
0.629966,0
0.63002205,0
0.63015133,0
0.63018286,0
0.6305012,0
0.6309154,0
0.6311055,0
0.63115484,0
0.63117146,0
0.6311745,0
0.6313233,0
0.6313433,0
0.63146764,0
0.63149244,0
0.63169146,0
0.6316918,0
0.6317666,0
0.6317707,0
0.63187706,0
0.6321261,0
0.63213,0
0.6322221,0
0.6326971,0
0.6327055,0
0.63290286,0
0.6329725,0
0.6330311,0
0.6336256,0
0.6337143,0
0.6337285,0
0.6337994,0
0.6338072,0
0.6338252,0
0.63396806,0
0.6342026,0
0.63438606,0
0.6343901,0
0.6344377,0
0.63452435,0
0.6346755,0
0.6350669,0
0.63506806,0
0.6350719,0
0.63524675,0
0.63525546,0
0.63549775,0
0.63583946,0
0.636149,0
0.6362215,0
0.63672936,0
0.6368884,0
0.6369067,0
0.6370672,0
0.63708234,0
0.6373236,0
0.6373246,0
0.6375418,0
0.6376003,0
0.63763,0
0.63769597,0
0.6377529,0
0.6378656,0
0.63790226,0
0.6384971,0
0.6385381,0
0.63865983,0
0.6388066,0
0.63898873,0
0.6392268,0
0.6394701,0
0.6395894,0
0.63965774,0
0.6398592,0
0.6398902,0
0.6400296,0
0.64034265,0
0.640524,0
0.64058685,0
0.640644,0
0.64105976,0
0.64124274,0
0.64126295,0
0.6416177,1
0.64184636,0
0.6422995,0
0.6424733,0
0.64252985,0
0.6425956,0
0.6426434,0
0.64277756,0
0.6428548,0
0.64290154,0
0.6431914,0
0.64356077,0
0.6439698,0
0.6440393,0
0.64428926,0
0.6442962,0
0.644437,0
0.64453495,0
0.6445429,0
0.6446786,0
0.6447966,0
0.64480275,0
0.6449196,1
0.6453282,0
0.6453497,0
0.64557886,0
0.6456246,0
0.6456283,0
0.6458003,0
0.64597094,0
0.6461296,0
0.64621246,0
0.6467165,0
0.64686406,0
0.64699435,0
0.64703536,0
0.64712334,0
0.6471439,0
0.64716053,0
0.6472572,0
0.6473878,1
0.648645,1
0.64873,0
0.6488866,0
0.6490052,0
0.64910626,0
0.6491697,0
0.6491898,0
0.64937407,0
0.6493772,0
0.64944834,0
0.6496288,0
0.6496668,0
0.6497403,0
0.6497906,0
0.6497988,0
0.6498002,0
0.64980704,0
0.6500874,0
0.6501854,0
0.6501949,0
0.6502769,0
0.6503043,0
0.65030944,0
0.6504548,0
0.65092236,0
0.6509899,0
0.6512796,0
0.6516755,0
0.65173477,1
0.65175897,0
0.6520778,0
0.6520885,0
0.6521107,0
0.652178,0
0.65222853,0
0.6525119,0
0.6526942,0
0.65276223,0
0.6531997,0
0.6532076,0
0.65355074,0
0.65369934,0
0.6539115,0
0.65391874,0
0.6539332,0
0.65472746,0
0.6547575,0
0.65502834,0
0.6550387,0
0.6550994,0
0.6551286,0
0.65517294,1
0.6552038,0
0.65525895,0
0.6554616,0
0.6555223,0
0.65558875,0
0.6557687,0
0.65578294,0
0.65617985,0
0.6562701,0
0.6563288,0
0.6571053,0
0.6571727,0
0.6573457,0
0.65819335,0
0.6582035,0
0.6582715,0
0.6582881,0
0.65862024,0
0.6587336,0
0.65874743,0
0.6587935,0
0.658952,0
0.65920186,0
0.6592224,0
0.65923166,0
0.65963167,0
0.6598215,1
0.6601541,0
0.6603925,0
0.6604993,0
0.6606708,0
0.66147083,0
0.6616559,0
0.6619979,0
0.6620153,0
0.66210353,0
0.66219014,0
0.6622242,0
0.6622971,0
0.66242576,0
0.66244704,0
0.6625318,0
0.66256106,0
0.66300356,0
0.6632782,0
0.66333026,0
0.663409,0
0.66358185,0
0.66368335,0
0.66392744,0
0.6639427,0
0.6639971,0
0.6641549,1
0.66471064,0
0.66484076,0
0.66496325,0
0.6650422,0
0.66509205,0
0.6651443,0
0.6654525,0
0.6655727,0
0.6658782,0
0.66603416,0
0.66609347,0
0.66619337,0
0.66634303,0
0.6663476,0
0.6663627,1
0.666407,0
0.66654646,0
0.666642,0
0.66711044,0
0.66712266,0
0.66731566,0
0.66754186,0
0.6675652,0
0.66762364,0
0.66764605,0
0.66770935,0
0.6677885,0
0.6678523,0
0.6680416,0
0.6681103,0
0.66851044,0
0.6686265,0
0.6688143,1
0.66881895,0
0.6691667,0
0.66946775,0
0.66966987,0
0.6697139,0
0.6698374,0
0.6698549,0
0.669898,0
0.6699072,0
0.6701198,0
0.6703105,0
0.67065156,0
0.67085207,0
0.6712182,0
0.6713355,0
0.6715696,0
0.67177737,0
0.6720629,0
0.672095,0
0.67226046,0
0.6726653,0
0.6727623,0
0.67296755,0
0.67300993,0
0.6731019,0
0.67350334,0
0.6735637,0
0.6737463,0
0.67377603,0
0.6738912,0
0.67395794,0
0.6740831,0
0.6741717,0
0.67427045,0
0.6743506,0
0.67436314,0
0.6743698,0
0.6743811,0
0.67463696,0
0.6746891,0
0.6748465,0
0.6748688,0
0.67510116,0
0.67534256,0
0.67537427,1
0.67538404,0
0.6758168,0
0.6758784,0
0.676097,0
0.6762632,0
0.67633903,0
0.6765697,0
0.6767211,0
0.67687666,0
0.6771956,0
0.67720366,0
0.67737,0
0.677397,0
0.677457,0
0.6777099,0
0.6777544,1
0.67793775,0
0.6779922,0
0.6780562,0
0.67819655,0
0.67841774,0
0.6784526,0
0.67853314,0
0.6785367,0
0.6786132,0
0.6786781,0
0.67884433,0
0.6791501,0
0.6792239,0
0.67926586,0
0.6794989,0
0.6801669,0
0.68045306,0
0.6804729,0
0.6805231,0
0.6806977,0
0.68075305,0
0.6808806,0
0.68107045,0
0.68117225,1
0.6817138,0
0.68227136,0
0.6824013,0
0.6824416,0
0.68256164,0
0.68258953,0
0.6828151,0
0.68296325,0
0.6829684,0
0.682971,1
0.6829966,0
0.6832634,0
0.6834582,1
0.6834588,0
0.68350124,0
0.6836579,0
0.6837325,0
0.68409055,0
0.6843667,0
0.68456155,0
0.6847934,0
0.68527496,0
0.6855329,0
0.68564904,0
0.68567234,0
0.6859417,0
0.6860707,0
0.6861402,0
0.6861515,0
0.68618035,0
0.68659025,1
0.6868794,0
0.68745977,1
0.6878145,0
0.6879835,0
0.6881957,0
0.6882,0
0.6882359,0
0.6882988,0
0.68831223,0
0.6883626,0
0.68836975,0
0.6884036,1
0.68844277,0
0.68853724,0
0.6887021,0
0.68873215,0
0.68873906,0
0.68896747,0
0.68907225,0
0.6894049,0
0.68953186,0
0.68961054,0
0.68972087,0
0.6899184,0
0.69021463,0
0.6911955,0
0.69143325,0
0.6917312,0
0.6920355,0
0.69207805,0
0.6921914,0
0.69246405,0
0.69252294,0
0.6926725,0
0.69278884,0
0.6931236,0
0.69380844,0
0.69383013,0
0.6938468,0
0.6941235,0
0.6945595,0
0.6946094,0
0.6949148,0
0.69511807,0
0.6953273,0
0.69548774,0
0.69602585,0
0.6961818,0
0.6961831,0
0.6965055,0
0.69677794,0
0.69721055,0
0.6972582,0
0.6973649,0
0.69738555,0
0.6974073,0
0.69756156,0
0.6975873,0
0.697643,0
0.69799477,0
0.6979952,0
0.6980243,0
0.6980624,0
0.69810826,0
0.69811404,0
0.69811606,0
0.69812727,0
0.6982191,0
0.698506,1
0.69888794,0
0.69900477,0
0.6992167,0
0.69936043,0
0.6994312,0
0.6994633,0
0.69973624,0
0.6999068,0
0.7000493,0
0.7004837,0
0.7006752,0
0.7009894,0
0.7013232,0
0.70153135,0
0.7016219,0
0.7019156,0
0.70205486,0
0.7021523,0
0.70216143,0
0.7022086,0
0.7025632,0
0.7027374,0
0.7029518,0
0.7031394,0
0.7033603,0
0.7034233,0
0.7034798,0
0.70353544,0
0.70362747,0
0.70377,0
0.70377004,0
0.70384794,0
0.70390797,0
0.70403564,0
0.7045896,0
0.7046166,0
0.7046295,0
0.7046627,0
0.7047219,1
0.70475304,0
0.70478916,0
0.70517784,0
0.7052462,0
0.7052803,0
0.70556796,0
0.7056246,0
0.705641,0
0.7056604,0
0.7059788,0
0.7062612,1
0.7066886,0
0.7067913,1
0.7068869,0
0.7070606,0
0.7070699,0
0.70730597,0
0.7073248,0
0.70748264,0
0.70767856,0
0.7078675,0
0.70813006,0
0.70830214,0
0.70841813,0
0.70856637,0
0.70866096,0
0.7086674,0
0.70870024,0
0.70870924,0
0.7087245,0
0.7087277,0
0.7089233,0
0.70906454,0
0.7095547,0
0.70973295,0
0.7102907,0
0.7104702,0
0.710515,0
0.7106567,0
0.7108459,0
0.7108697,0
0.71090794,0
0.7109782,0
0.71103764,0
0.711295,0
0.7114835,0
0.7117198,0
0.71175843,0
0.71203566,0
0.71241003,1
0.712502,0
0.7126173,0
0.71270937,0
0.7130139,0
0.7130848,0
0.71313685,0
0.71315515,0
0.7131843,0
0.71325636,0
0.713338,0
0.7135588,0
0.7137104,0
0.7140629,0
0.7141477,0
0.7143364,0
0.7144552,0
0.71453524,0
0.7145867,0
0.71467656,0
0.7147526,0
0.7149475,0
0.7149774,1
0.7150283,0
0.7152951,0
0.71530503,0
0.7153242,0
0.71532583,0
0.7155039,0
0.7155075,0
0.7157956,0
0.71600246,0
0.7161733,0
0.7163293,0
0.71667546,0
0.71671253,0
0.7167469,0
0.71677226,0
0.71685755,0
0.7169477,0
0.7170434,0
0.7173052,0
0.7174803,1
0.7175651,0
0.71777666,0
0.71810305,0
0.71818453,0
0.71836805,0
0.7186551,0
0.71870273,0
0.71889955,1
0.71891963,0
0.7190656,0
0.7193776,0
0.71999574,0
0.7202961,1
0.72060144,0
0.72104645,0
0.7212594,0
0.7213453,0
0.7216481,0
0.7218257,0
0.72187924,0
0.722332,0
0.72258365,0
0.72262335,0
0.7228155,0
0.7230129,0
0.7230378,0
0.7231575,0
0.7231792,0
0.7231971,0
0.7232584,0
0.7238023,1
0.723848,0
0.7238507,0
0.72404516,0
0.72410005,0
0.72414887,0
0.72416973,0
0.7242054,0
0.72427964,0
0.7243571,0
0.7244743,0
0.7247931,0
0.7249813,0
0.7251611,0
0.7251996,0
0.72549605,0
0.72551507,0
0.72556424,0
0.7255851,0
0.72561765,0
0.7256539,0
0.7257634,0
0.7266635,0
0.72693324,0
0.7269527,0
0.7271069,0
0.7272271,0
0.727258,0
0.7274909,0
0.72765577,0
0.72766244,0
0.72788393,0
0.7280424,0
0.7284825,0
0.7285123,0
0.7285564,1
0.728686,0
0.72880924,0
0.728945,0
0.72904104,0
0.72925735,0
0.7294376,0
0.7296509,0
0.7296798,1
0.7297158,0
0.72989666,0
0.730037,0
0.7301663,0
0.7304696,0
0.7308294,0
0.7311863,0
0.7312006,0
0.73145115,0
0.73148984,0
0.7315124,0
0.73160875,0
0.73169845,0
0.7317822,0
0.73179656,0
0.7318525,0
0.73209953,0
0.7323369,0
0.73257035,0
0.7328275,0
0.7328955,0
0.73289955,0
0.73318654,0
0.7334293,0
0.73357403,0
0.7336959,0
0.7340916,0
0.73412263,0
0.7343023,0
0.7343241,0
0.7345112,0
0.73468417,0
0.7347441,0
0.73478603,0
0.7347934,0
0.7350666,0
0.7354523,0
0.7356163,0
0.73563665,0
0.73588747,0
0.7359003,0
0.7360382,1
0.736791,0
0.73694193,0
0.73710155,0
0.73726255,0
0.7375431,0
0.73758495,0
0.73765385,0
0.7378139,0
0.7379497,0
0.7380665,0
0.73825574,0
0.7382877,0
0.7383942,0
0.73854506,0
0.73857874,0
0.73858935,0
0.73865116,0
0.738841,0
0.73916215,0
0.739451,0
0.7397634,0
0.73976743,0
0.7398541,0
0.7398775,0
0.73994666,0
0.74002457,0
0.7403295,0
0.74037397,0
0.7404734,0
0.7404909,0
0.74062365,0
0.7407643,0
0.74078095,0
0.7410624,0
0.74111235,0
0.74113786,0
0.7413611,0
0.74150926,0
0.7418647,0
0.7423966,0
0.7425798,0
0.7426406,0
0.742654,0
0.74265933,0
0.74270236,0
0.7427127,0
0.742918,0
0.74324983,0
0.74334943,0
0.7434797,0
0.7435649,0
0.7436471,1
0.7439164,0
0.7439593,0
0.7442863,0
0.7444635,0
0.7446004,0
0.7447067,0
0.7448227,0
0.74503624,0
0.74512666,0
0.74519336,0
0.745267,0
0.7454448,0
0.74551797,0
0.745588,0
0.7457321,0
0.74598783,0
0.74616677,0
0.747084,1
0.7471559,0
0.74728096,0
0.74740815,0
0.7475479,0
0.74771994,0
0.7477295,0
0.7478168,0
0.7478389,0
0.7481822,0
0.74859494,0
0.7485988,0
0.74870217,0
0.748952,0
0.749014,0
0.7492231,0
0.7493683,0
0.7494726,0
0.749521,0
0.7496112,0
0.7496536,0
0.75008285,0
0.7501344,0
0.75029385,0
0.75037396,1
0.75116205,0
0.7512661,0
0.7520723,0
0.7523058,0
0.7523212,0
0.75232786,0
0.7528262,0
0.75283796,0
0.75289786,0
0.7529454,0
0.7529717,0
0.75313324,0
0.75334626,0
0.7533767,0
0.7535058,0
0.7535994,0
0.75399625,0
0.75416607,0
0.7543294,0
0.7546947,0
0.75476074,0
0.7548511,0
0.7548904,0
0.75490695,1
0.7551451,0
0.75528115,1
0.7555701,0
0.75558215,0
0.7555864,0
0.7563261,0
0.75632817,0
0.756385,0
0.75677717,0
0.7568595,0
0.7568782,0
0.7569857,0
0.757001,0
0.7570695,0
0.7574043,1
0.75783914,0
0.75791496,0
0.7579253,0
0.75797886,0
0.7579899,0
0.75800216,0
0.75816756,0
0.7582681,0
0.75851214,0
0.7585437,0
0.75902104,0
0.7591357,0
0.7592809,0
0.75938755,0
0.7594207,0
0.75944245,0
0.7595246,0
0.7597265,1
0.76016587,0
0.76043093,0
0.76053923,0
0.7609025,0
0.7612006,0
0.7614473,0
0.7621596,0
0.76234066,0
0.7624053,0
0.7630099,0
0.76310146,0
0.7631449,1
0.76316416,0
0.7634159,0
0.76363516,0
0.7639834,0
0.76402277,0
0.7640953,0
0.76416206,0
0.764801,0
0.76487106,0
0.764938,0
0.7653379,0
0.7655406,0
0.7656035,0
0.76567614,0
0.765909,0
0.7659336,0
0.76602584,0
0.7661926,1
0.766887,1
0.7670727,0
0.76707464,0
0.7672463,0
0.76770234,0
0.76786846,0
0.76798785,0
0.76893353,0
0.7690562,0
0.76948726,0
0.7694998,0
0.76965386,0
0.7699393,0
0.7699614,0
0.7700808,0
0.77015704,0
0.7702189,0
0.7702873,0
0.7703668,0
0.77039397,0
0.77050257,0
0.7706088,0
0.77091783,0
0.77104664,0
0.77112514,0
0.7712084,0
0.771279,0
0.7713546,0
0.7714359,0
0.7716069,0
0.771739,0
0.7718885,0
0.7718988,0
0.7719043,0
0.77204734,0
0.77209127,0
0.7724613,0
0.7725203,0
0.77255917,0
0.77263844,0
0.7728883,0
0.7729233,0
0.77297395,0
0.7729742,0
0.7730392,0
0.77334225,0
0.7733425,0
0.7734877,0
0.77356386,0
0.7741319,0
0.77427214,0
0.7746108,0
0.7747292,0
0.7747905,0
0.77491105,0
0.7750825,0
0.7751973,0
0.77544063,0
0.77574027,0
0.7758988,0
0.7763088,0
0.776682,0
0.77715206,0
0.77721,0
0.77728283,0
0.77753854,0
0.7776729,0
0.77782404,0
0.77834845,0
0.77850026,0
0.7785182,0
0.7793225,0
0.7797099,0
0.77989995,0
0.7799114,0
0.77996993,0
0.78025633,0
0.7804074,0
0.78055346,0
0.78068364,0
0.78071505,0
0.7807324,0
0.78087586,0
0.7809227,0
0.7809757,0
0.78148973,0
0.781866,0
0.78199166,0
0.7821028,0
0.7821206,0
0.7822087,0
0.7827951,0
0.7829107,0
0.7835629,0
0.7836256,0
0.78378963,0
0.7839962,0
0.7841501,0
0.78415036,0
0.78419024,0
0.784219,0
0.78435576,0
0.7844862,0
0.7846182,0
0.78472364,0
0.7847585,0
0.7847668,0
0.784927,0
0.78493685,0
0.784952,0
0.78501624,0
0.7850493,0
0.785463,0
0.78571755,0
0.7860278,0
0.7863583,0
0.78648615,0
0.7865772,0
0.7866417,0
0.78681976,0
0.7869073,0
0.78696245,0
0.78734607,0
0.7874103,0
0.7874354,0
0.7874848,0
0.7875622,0
0.7875687,0
0.7877177,0
0.7877904,0
0.78792477,0
0.787989,0
0.78802764,0
0.7880741,0
0.7882334,0
0.78824514,0
0.7884043,0
0.78851163,0
0.7887472,0
0.7888499,0
0.7888729,0
0.78906345,0
0.78919405,0
0.7892957,0
0.7895161,0
0.78961235,0
0.78984666,0
0.79000163,0
0.79005885,0
0.7901901,0
0.79023004,0
0.79043573,0
0.7904588,0
0.79051346,0
0.79058665,1
0.7906487,0
0.79095197,0
0.79104203,0
0.7910436,0
0.7911334,0
0.7911842,0
0.7912012,0
0.7913746,0
0.7915359,0
0.7918824,0
0.79196,0
0.79213536,0
0.79241747,0
0.79270065,0
0.79272664,0
0.7930573,1
0.7931171,0
0.7931448,0
0.7931733,0
0.79332024,0
0.7939513,0
0.7942272,0
0.7942756,0
0.7942816,0
0.7943456,0
0.7944858,0
0.7944954,0
0.7948573,0
0.7950289,1
0.79503846,0
0.7952524,0
0.79547393,0
0.79564166,0
0.7957735,0
0.79578817,0
0.7961757,0
0.796183,1
0.7962788,0
0.7964481,0
0.79648995,0
0.7966045,0
0.79661924,0
0.79674244,0
0.79685766,0
0.796888,0
0.79694265,0
0.7970065,0
0.79726624,0
0.797302,0
0.79731905,0
0.79731977,0
0.7973263,0
0.7974721,0
0.7975016,0
0.79756045,0
0.7976085,0
0.7976309,0
0.7979205,0
0.7979878,0
0.79804987,0
0.798235,0
0.7983823,0
0.7984868,0
0.79860824,0
0.7987856,0
0.7988533,0
0.7991697,0
0.7991857,0
0.7996179,0
0.7996607,0
0.7997608,0
0.7997652,0
0.79977626,0
0.79977894,0
0.7998006,0
0.79986876,0
0.7999368,0
0.80013156,0
0.80022097,0
0.8003756,0
0.8005167,0
0.8007035,0
0.8007258,0
0.8009991,0
0.801453,0
0.8015645,0
0.8016374,0
0.80186677,0
0.8019166,0
0.80238795,1
0.80260545,0
0.80283594,0
0.80293715,0
0.8033599,0
0.8034278,0
0.80353415,0
0.80375516,0
0.8037865,0
0.80397284,0
0.8041297,0
0.80420804,0
0.8042568,0
0.8047526,0
0.80492455,0
0.8053016,0
0.805441,0
0.80545557,0
0.8056551,0
0.8057917,0
0.8059101,0
0.805977,0
0.80617166,0
0.80644333,0
0.80695045,0
0.80695814,0
0.8072456,0
0.8073878,0
0.8075012,0
0.80750597,0
0.8076691,0
0.8076961,0
0.80771077,0
0.8079157,0
0.80801076,0
0.80826974,0
0.8082752,0
0.8082781,0
0.80836356,0
0.80866987,0
0.8087242,0
0.80943584,0
0.80951107,0
0.8098382,0
0.80990475,0
0.81013143,0
0.81029713,0
0.8104154,0
0.81048805,0
0.81055003,0
0.81060994,0
0.8106141,0
0.8107519,0
0.81088996,0
0.81103617,0
0.8116588,0
0.81170154,1
0.81189686,0
0.8123299,0
0.81235135,0
0.8124587,0
0.81252766,0
0.81258357,0
0.81266946,0
0.8126924,0
0.812795,0
0.8134333,0
0.81392276,0
0.8140601,0
0.81495553,0
0.81513476,0
0.8154701,0
0.8155919,0
0.81563216,0
0.81591296,0
0.81593794,0
0.8164223,0
0.8174437,0
0.81745213,0
0.81768894,0
0.8177848,0
0.817822,0
0.81792325,0
0.81794226,0
0.8179708,0
0.818051,0
0.8181231,0
0.8182061,0
0.8184234,0
0.8187207,0
0.81885797,0
0.8189416,0
0.8193191,0
0.8193388,0
0.81946266,0
0.8195264,0
0.8198514,0
0.81992453,0
0.8203191,0
0.820326,0
0.8203597,0
0.820665,0
0.82078254,0
0.82096535,0
0.8210918,0
0.8213191,0
0.8213589,0
0.8213604,0
0.8215964,0
0.82165134,0
0.8221082,0
0.8225787,0
0.82297087,0
0.8231473,0
0.82325345,0
0.82338834,0
0.8234511,0
0.8235454,0
0.8236355,0
0.8237074,0
0.82377523,0
0.823918,0
0.8239263,0
0.82402235,0
0.82402825,0
0.8241291,0
0.8242952,0
0.82434237,0
0.8246776,0
0.82478863,0
0.82480663,0
0.8248202,0
0.82486606,0
0.8254524,0
0.8256685,0
0.8257308,0
0.8257716,0
0.8264201,0
0.8265204,0
0.8267586,0
0.82705426,0
0.827273,0
0.82752347,0
0.8277322,0
0.8278272,0
0.8279881,0
0.82818913,0
0.8285526,0
0.82891,0
0.8290396,0
0.8290742,0
0.8290793,0
0.8294147,0
0.82947016,0
0.8297523,0
0.8298939,0
0.8302558,0
0.8303926,0
0.8306955,0
0.8307172,0
0.8308248,0
0.83105975,0
0.83111286,0
0.83118606,0
0.83126307,0
0.83137894,0
0.8314661,0
0.83151543,0
0.83151865,0
0.8315505,0
0.8316424,0
0.8322307,1
0.8322941,0
0.8324039,0
0.83273053,0
0.8332802,0
0.83372754,0
0.8339095,0
0.83420134,0
0.8343072,0
0.83458877,0
0.83534366,0
0.8355582,0
0.8358239,0
0.8358283,0
0.83588827,1
0.8362855,0
0.8366035,0
0.83669734,0
0.8369048,0
0.83704567,0
0.8371028,1
0.8371177,0
0.83717084,0
0.8372537,0
0.83735424,0
0.8376729,0
0.8377472,0
0.8378873,0
0.83789575,0
0.8380772,0
0.8382073,0
0.83852416,0
0.8385569,0
0.8386189,0
0.8386565,0
0.83871335,0
0.8387328,0
0.8387364,0
0.83878726,0
0.838975,0
0.83904916,0
0.83951676,0
0.8396997,0
0.84012866,0
0.8401748,0
0.84024155,0
0.8403175,0
0.8403401,0
0.8405194,0
0.8405274,0
0.8407765,0
0.84096575,0
0.84105897,0
0.8411695,0
0.8415568,0
0.84159493,0
0.8416152,0
0.84175515,0
0.84176457,0
0.84176797,0
0.8417884,0
0.84232455,0
0.84232795,0
0.8424717,0
0.8425253,0
0.842532,0
0.84260345,0
0.8426916,0
0.8428694,0
0.843122,0
0.84313166,0
0.8433821,0
0.84364045,0
0.84384555,1
0.8439634,0
0.8441267,0
0.8443102,0
0.8444163,1
0.8444779,0
0.8447757,0
0.84482944,0
0.84569615,0
0.8457982,0
0.84593004,0
0.8460442,0
0.8461746,0
0.84626484,0
0.8463341,1
0.8466779,0
0.8467275,0
0.8468443,0
0.84701633,0
0.84714186,0
0.84714216,0
0.8475556,0
0.8475908,0
0.8476729,0
0.8477173,0
0.8477303,0
0.8480386,1
0.84817713,0
0.84818053,0
0.8482568,0
0.8486636,0
0.84895754,1
0.8491041,0
0.8491639,0
0.84925246,0
0.84960294,0
0.84975207,0
0.8498133,0
0.8498539,0
0.8501117,1
0.85018015,0
0.8502646,0
0.8503516,0
0.850426,0
0.8505132,0
0.8506383,0
0.8515542,0
0.8516053,0
0.8517827,0
0.8517864,0
0.8517964,0
0.851979,0
0.85204387,0
0.8522414,0
0.8528254,0
0.8528348,0
0.8535124,0
0.85359484,1
0.8539088,0
0.8539316,0
0.8539475,0
0.8543582,0
0.8545156,0
0.85452354,1
0.8549328,0
0.8550625,0
0.855179,0
0.85523,0
0.8554629,0
0.855743,0
0.8558455,1
0.8560076,1
0.85648215,0
0.85671717,0
0.85673964,0
0.85685015,0
0.85696095,0
0.856991,0
0.8570033,0
0.85708153,0
0.85715896,0
0.85746545,0
0.85747397,0
0.8575635,0
0.85774225,0
0.8578421,0
0.8582314,0
0.85824126,0
0.85891426,0
0.8591809,0
0.8592129,0
0.8596854,0
0.85992026,0
0.85995996,0
0.85996485,0
0.86057186,0
0.8606454,0
0.86085343,0
0.86090213,0
0.8609576,0
0.8610804,0
0.86135864,0
0.86148846,0
0.8615429,0
0.86171025,0
0.861868,0
0.86201006,0
0.8621118,0
0.86234134,0
0.86239696,0
0.8624409,0
0.8626239,0
0.86271393,0
0.8628224,0
0.86287373,0
0.86311436,0
0.8631684,0
0.86335504,0
0.86346316,0
0.86371416,0
0.8638469,0
0.86387455,0
0.86389214,0
0.8640602,0
0.8640727,0
0.86428314,0
0.864388,0
0.8645319,0
0.8645793,0
0.8647401,0
0.8652514,0
0.86578435,0
0.865915,0
0.8659709,0
0.86607826,0
0.8660844,0
0.86623883,0
0.8665428,0
0.86656123,0
0.8666255,0
0.8668163,0
0.8669461,0
0.867191,0
0.86726314,0
0.8676866,0
0.86789805,0
0.86826324,0
0.86900175,0
0.86909115,0
0.8691834,0
0.8693869,0
0.8697159,0
0.86972946,0
0.869738,0
0.8698585,0
0.8700987,0
0.87021077,0
0.8702333,0
0.87028646,0
0.870326,0
0.8704061,0
0.87049043,0
0.8706603,0
0.8710232,0
0.87176204,0
0.87180907,0
0.8719646,0
0.87198913,1
0.8720435,0
0.87214524,0
0.8724517,0
0.87256515,0
0.87257004,0
0.87292445,0
0.8729718,0
0.87313205,0
0.8734755,0
0.8738058,0
0.8740006,0
0.8740053,0
0.8743335,0
0.8744007,1
0.87446594,0
0.8745545,0
0.8746327,0
0.8746444,0
0.8748275,0
0.87499976,0
0.87508374,0
0.87534416,0
0.87557024,0
0.8757475,0
0.87579596,0
0.8763386,0
0.87639624,0
0.8766834,0
0.8767959,0
0.87680507,0
0.87698233,0
0.8772373,0
0.8775749,0
0.87801087,0
0.878171,0
0.8782044,0
0.87825036,0
0.87832814,0
0.87871367,0
0.87888765,0
0.87902606,0
0.8792584,0
0.8794225,0
0.87953144,0
0.87958527,0
0.8796865,0
0.8798805,0
0.8799263,0
0.88009655,0
0.880154,0
0.8801953,0
0.88021606,0
0.8804817,0
0.8805047,0
0.88055444,0
0.88055456,0
0.880685,0
0.8808544,0
0.8809542,0
0.88109374,0
0.8811505,0
0.8811928,0
0.88138354,0
0.8818331,0
0.88201,0
0.8821825,0
0.88240355,0
0.8824465,0
0.88274485,0
0.8827508,0
0.88306344,0
0.88378716,0
0.8840637,0
0.8844636,0
0.88451743,0
0.88478947,0
0.884819,0
0.8849497,0
0.8850266,0
0.8852807,0
0.88531494,0
0.8855282,0
0.8855768,0
0.8855872,0
0.8857672,0
0.88579035,0
0.8862408,0
0.88628334,0
0.8870108,0
0.887607,0
0.8876996,0
0.8877298,0
0.8879094,0
0.8879695,0
0.8880429,0
0.8883685,0
0.88870054,0
0.88876206,0
0.8888025,0
0.88890624,0
0.88905156,0
0.88920164,0
0.88930464,0
0.88961226,0
0.8896524,0
0.8896873,0
0.88984895,0
0.8898916,0
0.89001566,1
0.89017975,1
0.890236,0
0.89025307,0
0.89039654,0
0.89067864,0
0.8908975,0
0.891101,0
0.891116,0
0.8913602,0
0.8913726,0
0.89150465,0
0.8919885,0
0.89215255,0
0.89227986,0
0.8927267,0
0.8928915,0
0.8930523,0
0.89305747,0
0.8931334,0
0.89336205,0
0.8933891,0
0.89365745,0
0.8936848,0
0.8942028,0
0.8943391,0
0.8945731,0
0.8950696,0
0.89521813,0
0.89526474,0
0.8952881,0
0.8954085,1
0.8954811,0
0.89576757,0
0.89580923,0
0.8960024,0
0.8960988,0
0.8962395,0
0.89625883,0
0.8962704,0
0.8963498,0
0.8968748,0
0.8972095,0
0.89735866,0
0.8974254,0
0.8974563,0
0.8979785,0
0.89804107,0
0.89813745,0
0.8981402,0
0.8983878,0
0.89854133,0
0.89916766,0
0.8991763,0
0.89932734,0
0.8993596,0
0.8994092,0
0.8996376,0
0.8998648,0
0.9005008,0
0.90062547,0
0.90071297,0
0.9007138,0
0.90086657,0
0.9012004,0
0.9014793,0
0.9018668,0
0.90192765,0
0.9026104,0
0.9033209,0
0.90360135,0
0.90373147,0
0.90377027,0
0.9037808,0
0.9041194,0
0.9042063,0
0.9043661,0
0.9044001,0
0.9044361,0
0.904481,0
0.90464187,0
0.90471834,0
0.9047413,1
0.9048738,0
0.9051486,0
0.9058293,0
0.90598553,0
0.9065078,0
0.9070596,0
0.90707546,0
0.90731144,0
0.90745646,0
0.90753126,0
0.90758735,0
0.90761876,0
0.9077765,0
0.9083256,0
0.90882444,0
0.90919447,0
0.909212,0
0.90922356,0
0.9093574,0
0.9093819,0
0.9095953,0
0.909673,0
0.9096888,0
0.909695,0
0.9097787,0
0.9098784,0
0.909916,0
0.9100671,0
0.91016006,1
0.9102199,0
0.91062844,0
0.9107776,0
0.910779,0
0.91078,0
0.9110535,0
0.9113584,0
0.91147393,0
0.9117446,0
0.9117861,0
0.9127357,0
0.9128026,0
0.9131001,0
0.91310173,0
0.91323966,0
0.9133453,0
0.91344905,0
0.9134799,0
0.9136046,1
0.9144819,0
0.9146952,0
0.91470575,0
0.9148172,0
0.9148292,0
0.9149291,0
0.9149778,0
0.91539526,0
0.91544926,0
0.9155856,0
0.9156129,0
0.9156796,0
0.9157553,0
0.9159831,0
0.91607213,0
0.91662234,0
0.91666293,0
0.9168513,1
0.9169524,0
0.9171461,0
0.91758376,0
0.91772103,0
0.9178773,0
0.9185221,0
0.918603,0
0.91864103,0
0.91882354,0
0.9188237,0
0.9190912,0
0.91933286,0
0.91935986,0
0.9195268,0
0.9195496,0
0.91989267,1
0.92001337,0
0.92031336,0
0.92046773,0
0.9206297,0
0.92099917,0
0.9210495,0
0.921098,0
0.9211534,0
0.92118716,0
0.9213902,0
0.9215484,0
0.9217164,0
0.9217997,0
0.92231417,0
0.92263997,1
0.92270565,0
0.92273784,0
0.92323524,1
0.92335904,0
0.92339313,0
0.9233978,0
0.92363274,0
0.9240062,1
0.9241892,0
0.9241916,0
0.9244673,0
0.92446744,0
0.9245082,0
0.9246933,0
0.9247812,0
0.92490435,0
0.92530864,0
0.9256444,0
0.92576104,0
0.9258045,0
0.9259708,0
0.9260544,0
0.92619973,0
0.9262967,0
0.9265084,0
0.9266602,0
0.92685187,0
0.92703485,0
0.9271449,1
0.92722094,0
0.92771816,0
0.92774034,0
0.9281529,0
0.92820424,0
0.9282571,0
0.9283472,0
0.92875105,0
0.928921,0
0.9289365,0
0.9290549,0
0.9293139,0
0.92931646,0
0.929381,0
0.92987144,0
0.92999184,0
0.930003,0
0.9300356,0
0.93005127,0
0.93047535,0
0.93056023,0
0.93078154,0
0.93085325,0
0.9311195,0
0.9312239,0
0.93123126,0
0.93154806,0
0.93156224,0
0.9322224,0
0.9325112,0
0.9326345,0
0.9327649,0
0.932787,0
0.93287534,0
0.9330252,0
0.93311536,0
0.93315995,0
0.9332278,0
0.93327034,0
0.9333358,0
0.93348074,0
0.9335498,0
0.93362236,1
0.93369794,0
0.93393534,0
0.9341897,0
0.9342802,0
0.93481714,0
0.934857,0
0.9348582,0
0.935001,0
0.93506944,0
0.9351437,0
0.9355516,1
0.9357659,0
0.93579715,0
0.9358262,0
0.93584347,0
0.93639874,0
0.9369339,0
0.9369487,0
0.93733454,0
0.93754876,0
0.93804,0
0.9381126,0
0.9386662,0
0.9390701,0
0.93922514,0
0.9392433,0
0.93926436,0
0.9394327,0
0.93948185,0
0.9396788,0
0.9397812,0
0.94008297,0
0.9402546,0
0.9403484,0
0.94037986,0
0.940514,0
0.9406217,0
0.940637,0
0.94083035,0
0.9408482,0
0.9411798,0
0.94128764,0
0.9414693,0
0.9416292,0
0.94174516,0
0.94199944,0
0.9422587,0
0.94227135,0
0.94235116,0
0.9424411,0
0.94251907,0
0.9425207,1
0.9426067,0
0.94304353,0
0.94306403,0
0.943196,0
0.9433675,0
0.9437822,0
0.9438389,0
0.9439488,0
0.9440443,0
0.94419426,0
0.9442145,0
0.9442977,0
0.9445863,0
0.9449028,0
0.9450479,0
0.9450895,0
0.945176,0
0.94531506,0
0.94534004,0
0.94548637,0
0.9454907,0
0.9455025,0
0.94553477,0
0.94554394,0
0.9458307,0
0.94603294,0
0.9461661,0
0.94636583,1
0.94645596,0
0.94666874,0
0.94668365,0
0.9470093,0
0.947175,0
0.9482995,0
0.9483895,0
0.94850457,0
0.9488301,0
0.9489506,0
0.9491605,0
0.94953185,0
0.94975173,0
0.9497876,0
0.9498334,0
0.9498844,0
0.95010895,0
0.9502594,0
0.95032734,0
0.95062155,0
0.95066893,0
0.9506866,0
0.9507628,0
0.95097363,0
0.9511949,0
0.9513534,0
0.9516705,0
0.95178807,1
0.95225245,0
0.95234,0
0.95245486,0
0.9525631,0
0.95338273,0
0.9535893,0
0.9539191,0
0.9540749,0
0.9541211,0
0.95415694,0
0.9542497,0
0.9543123,1
0.9543145,0
0.95558715,0
0.9559875,0
0.9560064,1
0.9560129,0
0.95612735,0
0.9562024,0
0.9562799,0
0.9564805,0
0.956499,0
0.9565227,1
0.9566567,1
0.9567301,0
0.9569706,0
0.95697963,0
0.95705265,0
0.95709175,0
0.9571114,0
0.9571358,0
0.9571439,0
0.95739263,0
0.95788896,0
0.95793676,0
0.9580466,0
0.9584825,0
0.9586724,0
0.958863,0
0.95954484,0
0.95966035,0
0.95967895,0
0.95984846,0
0.9601289,0
0.9602479,0
0.96034086,0
0.9607638,0
0.9609035,0
0.9609529,0
0.9609568,0
0.9609891,0
0.9610047,0
0.9610842,0
0.9611808,0
0.96126425,0
0.96141785,0
0.961661,0
0.96177274,0
0.961788,0
0.9618433,1
0.962022,0
0.9623531,0
0.9624238,0
0.9625518,0
0.9625776,0
0.96271884,0
0.9628166,0
0.96310633,0
0.96328276,0
0.96334803,0
0.96353614,0
0.96377575,0
0.9638944,1
0.963981,0
0.9640603,0
0.9642345,0
0.964422,0
0.96442676,0
0.96447206,0
0.9648601,0
0.9651925,0
0.9656205,0
0.9657776,0
0.9662494,0
0.9664851,0
0.9667674,0
0.9669014,1
0.9672295,0
0.96731114,0
0.96735394,0
0.96737754,0
0.9674197,0
0.9675287,0
0.96757674,0
0.9676534,0
0.9677186,0
0.9679117,0
0.9679459,0
0.9681828,0
0.9682105,0
0.9683421,0
0.9686523,0
0.968888,0
0.96919876,0
0.9692957,0
0.96942234,0
0.9695787,0
0.9697365,1
0.96983147,0
0.96998477,0
0.9700941,0
0.97022265,0
0.97033596,0
0.9703714,0
0.9703867,0
0.9705017,0
0.9707835,0
0.97084767,0
0.9708786,0
0.97088045,0
0.970926,0
0.9713406,0
0.9714385,0
0.9714973,0
0.9715084,0
0.9723159,0
0.972402,0
0.9724079,0
0.97242546,0
0.97248125,0
0.9727195,0
0.97278386,0
0.97286606,0
0.97288996,0
0.9728921,0
0.97293067,0
0.97328615,0
0.973349,0
0.97354156,1
0.9738722,0
0.9741184,0
0.97413373,0
0.97450197,0
0.97463495,0
0.9754262,0
0.97562134,0
0.97579354,0
0.97593075,0
0.9759841,0
0.9763446,0
0.9765878,0
0.976686,0
0.976771,0
0.9770783,0
0.977083,0
0.97717667,0
0.9772322,0
0.9773947,0
0.9774833,0
0.9775374,0
0.9776095,0
0.9776203,0
0.9776255,0
0.9781536,0
0.9782008,0
0.97831786,0
0.9788852,0
0.9790163,0
0.9792132,0
0.979262,0
0.97984356,0
0.979859,0
0.9798652,0
0.97997975,1
0.98007005,0
0.9801323,0
0.98025274,0
0.98031265,0
0.98040044,0
0.9804783,0
0.9805427,0
0.98080266,0
0.9808336,0
0.98115456,0
0.9811876,0
0.9813764,0
0.98159784,0
0.9818185,0
0.9820391,0
0.9824302,0
0.9824667,0
0.98254156,0
0.98257333,0
0.9826728,0
0.98302186,0
0.9830939,1
0.9831445,0
0.98319066,0
0.9831971,0
0.98322374,1
0.98325837,0
0.9833714,0
0.9834093,0
0.9834417,0
0.98347,1
0.98362464,1
0.9837625,0
0.9838747,0
0.9841005,0
0.98425305,0
0.98428047,0
0.9845391,0
0.98516655,0
0.98537934,0
0.9860414,0
0.98660886,0
0.9866804,0
0.98677385,0
0.98706585,0
0.9874347,0
0.9877029,0
0.9878262,0
0.9881104,0
0.98832893,0
0.98842144,0
0.98857653,0
0.9895748,0
0.98959553,0
0.98998487,0
0.99008226,0
0.99019384,0
0.9902304,0
0.9905342,0
0.9907962,0
0.99084663,0
0.9910946,0
0.99115694,0
0.9912709,0
0.9912719,0
0.9913183,0
0.9914932,0
0.99155134,0
0.99160045,0
0.9920699,0
0.9923307,0
0.9924008,0
0.9924252,0
0.9925631,1
0.99269533,0
0.9930397,0
0.9931757,0
0.9935713,0
0.99357843,0
0.99388754,0
0.9939766,0
0.9940711,0
0.9943396,0
0.9944855,0
0.99472564,0
0.99485415,0
0.99507993,0
0.9950969,0
0.9951049,0
0.9951787,0
0.9952119,1
0.9952151,0
0.9952415,0
0.99541795,0
0.99565303,0
0.99587554,0
0.99588776,0
0.995888,0
0.9960241,0
0.9961416,0
0.9963051,0
0.9965987,0
0.99671775,0
0.99709415,0
0.9973999,0
0.9976237,0
0.997839,0
0.9983494,0
0.99902403,0
0.99922764,0
0.99935555,0
0.9993678,0
0.9997173,0
0.99979424,0
1.0000457,0
1.0001253,0
1.0003465,0
1.0004032,0
1.0005115,0
1.0006211,0
1.0011555,0
1.0013599,0
1.0013874,0
1.0013981,0
1.0015774,0
1.0017965,0
1.0019591,0
1.0019855,0
1.0020465,0
1.0026104,0
1.0026962,0
1.0028784,0
1.0030587,0
1.0030859,0
1.0032468,0
1.003262,0
1.0034242,0
1.0035512,0
1.0037812,0
1.0039796,0
1.0041426,0
1.0041912,0
1.0042564,0
1.0043099,0
1.0043948,0
1.0043997,0
1.0045512,0
1.0047563,0
1.0049976,0
1.0051193,0
1.0057807,0
1.0058801,0
1.0058917,0
1.0059811,0
1.006134,0
1.0061742,0
1.0061889,0
1.0062292,0
1.0063072,0
1.006556,0
1.0070271,0
1.0073127,0
1.0074526,0
1.0075034,0
1.0076652,0
1.0076928,0
1.0078478,0
1.0078588,0
1.007911,0
1.0080284,0
1.0084273,0
1.0087678,0
1.0090194,0
1.0092251,0
1.009237,0
1.009276,0
1.0094224,0
1.009562,0
1.0098841,0
1.0099256,0
1.010035,0
1.0100917,0
1.0100975,0
1.0102003,0
1.0103439,0
1.0103946,0
1.0106618,0
1.0109354,0
1.011067,0
1.0111467,0
1.0112236,0
1.0118413,0
1.0120035,0
1.0121423,0
1.0126659,0
1.0126939,0
1.0128632,0
1.0130192,0
1.0138134,0
1.0138153,0
1.0140167,0
1.0140283,0
1.0141033,0
1.0141219,0
1.0141894,0
1.0149139,0
1.0155859,0
1.0155963,0
1.0159106,0
1.0161027,0
1.0162185,0
1.0162243,0
1.0162901,0
1.0162927,0
1.0163188,0
1.0167333,0
1.016859,0
1.0176117,0
1.0176605,0
1.0177841,0
1.0179124,0
1.0179703,0
1.0181992,0
1.0182259,0
1.0183923,0
1.0186554,0
1.018785,1
1.0189472,0
1.0191973,0
1.0194836,0
1.0195841,0
1.0196967,0
1.0200236,0
1.0201114,0
1.0202795,0
1.0207685,0
1.0210149,0
1.0210619,0
1.0213168,0
1.0213926,0
1.0214581,0
1.0217696,0
1.0220367,0
1.022061,0
1.0222286,0
1.0223516,0
1.0225811,0
1.0227722,0
1.0232852,0
1.0235437,0
1.023563,0
1.0235745,0
1.0237437,1
1.0239363,0
1.0240685,1
1.0240945,0
1.0243244,0
1.0243614,0
1.0243703,0
1.0244735,0
1.0244783,0
1.0246316,0
1.025145,0
1.0255039,0
1.0255498,0
1.0255712,0
1.0256176,0
1.0256478,0
1.0258952,0
1.0261213,0
1.0261768,0
1.0262716,0
1.0264182,0
1.0268168,0
1.0273318,0
1.027413,0
1.0274245,0
1.0276142,0
1.02783,0
1.0278702,0
1.0279195,0
1.0281308,0
1.0281956,0
1.0282416,0
1.0286005,0
1.028647,0
1.0286827,0
1.0289253,0
1.0290138,0
1.0291045,0
1.0295359,0
1.0295402,0
1.0296366,0
1.0296558,0
1.0296674,0
1.0297521,0
1.0298028,0
1.0299436,0
1.0300094,0
1.0300759,0
1.030261,0
1.0303609,0
1.030375,0
1.0305773,0
1.0311441,0
1.031376,0
1.0317156,0
1.0317632,0
1.0317825,0
1.0321897,0
1.032326,0
1.0323563,0
1.0323589,0
1.032603,0
1.032835,0
1.0330198,0
1.033069,0
1.0330713,0
1.0337296,0
1.0338805,0
1.0339428,0
1.0342358,0
1.0347391,0
1.0347556,0
1.0351298,0
1.0354699,0
1.0355068,0
1.0355437,0
1.0360336,0
1.0360546,0
1.0361862,0
1.0365653,0
1.0367225,0
1.0368075,0
1.0368409,0
1.036884,0
1.0369314,0
1.0370058,0
1.0375457,0
1.03804,0
1.0382982,0
1.038325,0
1.0383307,0
1.038471,0
1.0386845,0
1.0386953,0
1.0388302,0
1.039473,0
1.0394932,0
1.0396307,0
1.0396519,0
1.040059,0
1.0401051,0
1.0402588,0
1.0403255,0
1.0404865,0
1.0405629,1
1.0406156,0
1.0407659,0
1.0408885,0
1.0414338,0
1.0415037,0
1.0420895,0
1.0428029,0
1.0428227,0
1.0428258,0
1.0431236,0
1.0432297,0
1.043252,0
1.0436051,0
1.0436308,0
1.044385,0
1.04455,0
1.0446134,0
1.0448451,0
1.0448492,0
1.0448875,0
1.0449334,0
1.0449591,0
1.0453142,0
1.0455371,0
1.0455947,0
1.0455998,0
1.0456638,0
1.04585,0
1.0459849,0
1.0461478,0
1.0463313,0
1.0464315,0
1.0465586,0
1.0467231,0
1.046854,0
1.0470594,0
1.0472393,0
1.0472598,0
1.0473778,0
1.0477569,0
1.0477996,1
1.0478358,0
1.048412,0
1.0484992,0
1.0485069,0
1.0487425,0
1.048823,0
1.0490711,0
1.049358,0
1.0493913,0
1.0494561,0
1.049473,0
1.0495878,0
1.0496505,1
1.0498196,1
1.0498272,0
1.0502712,0
1.0503578,0
1.0503783,0
1.0508273,0
1.0512537,0
1.0513496,0
1.0516943,0
1.0523012,0
1.0523207,0
1.052642,0
1.0526555,0
1.0527227,0
1.0527749,0
1.0528705,0
1.0528734,0
1.0536804,1
1.0537261,0
1.053885,0
1.0541723,0
1.0543472,1
1.0547304,0
1.0549453,0
1.0550692,0
1.0555199,0
1.0557723,0
1.055773,0
1.0558529,0
1.0558869,0
1.0559286,0
1.0561824,0
1.0562065,0
1.056317,0
1.056348,1
1.0564626,0
1.0565141,0
1.0566838,0
1.0568006,0
1.0569383,0
1.0570828,0
1.0573736,0
1.0575728,0
1.0576762,0
1.0578411,0
1.0578711,0
1.058666,0
1.0595931,0
1.0596147,0
1.0599948,0
1.0601467,0
1.0602664,0
1.0603441,0
1.0604384,0
1.0604479,0
1.0606687,0
1.060693,0
1.060889,0
1.0612904,0
1.061297,1
1.0613102,0
1.0615225,0
1.0619527,0
1.0621637,0
1.0624069,0
1.0625844,0
1.0626856,0
1.0626893,0
1.062763,0
1.0628157,0
1.0629085,0
1.0632219,0
1.0634291,1
1.0636766,0
1.0641978,0
1.0642462,0
1.0646465,0
1.0646569,0
1.0646901,0
1.0648041,0
1.0648549,0
1.065036,0
1.0655957,0
1.0656339,0
1.065709,0
1.0663232,0
1.0665973,0
1.0666115,0
1.0668694,0
1.0673649,0
1.0674229,0
1.0676115,0
1.0676895,0
1.0677814,0
1.0679016,0
1.0679598,0
1.0679651,0
1.068037,0
1.0685923,0
1.0687224,0
1.0687339,0
1.0690607,0
1.0697813,0
1.0698133,0
1.0702534,0
1.0702988,0
1.0703828,0
1.0704627,0
1.0705826,0
1.0705949,0
1.0706756,0
1.0707325,0
1.0710738,0
1.0711244,0
1.0713909,0
1.0713984,0
1.0716844,0
1.0720074,0
1.0722994,0
1.0726401,0
1.0726585,0
1.072754,0
1.0730604,0
1.07307,0
1.0734471,0
1.0739348,0
1.0739609,0
1.0743191,0
1.0743909,0
1.0748643,0
1.0750599,0
1.0758334,0
1.076305,0
1.0764171,0
1.0765814,0
1.0767722,0
1.0768058,0
1.0768359,0
1.0768837,0
1.0772538,0
1.0776104,0
1.0777411,1
1.0777502,0
1.0782423,0
1.0786147,0
1.0787983,0
1.0788177,0
1.0788578,0
1.0791396,0
1.0792966,0
1.079488,0
1.079535,0
1.0799341,0
1.0803313,0
1.0804352,0
1.0805804,0
1.0808818,0
1.0812601,0
1.0814502,0
1.0815965,0
1.0819507,0
1.0821947,0
1.0825096,0
1.082512,0
1.0825251,0
1.082529,0
1.0825846,0
1.0827845,0
1.0828555,0
1.083096,1
1.083103,0
1.0833735,0
1.0836047,0
1.0838115,0
1.0839059,0
1.0839143,0
1.0843227,0
1.0844246,0
1.0845855,0
1.084595,0
1.0846211,0
1.0846623,0
1.0847827,0
1.0852703,0
1.085504,0
1.0855547,0
1.0858881,0
1.0861839,0
1.0863336,0
1.0864775,0
1.08652,0
1.0866153,0
1.0867181,0
1.0868509,0
1.0876532,0
1.0877134,0
1.0877259,0
1.0878949,0
1.0884784,0
1.0886898,0
1.0889465,0
1.0889494,0
1.0891218,0
1.0894302,0
1.0901508,0
1.0903082,0
1.0903687,0
1.090509,0
1.090725,0
1.0908154,0
1.0909066,0
1.0912051,0
1.0914639,0
1.0915229,0
1.0915276,0
1.0917338,1
1.0918031,0
1.0922369,0
1.0927577,0
1.0932331,0
1.0932665,0
1.0933408,0
1.0934877,1
1.0937781,0
1.0938095,0
1.0939033,0
1.0939827,0
1.0942127,0
1.0943882,0
1.0944369,0
1.094714,0
1.0949639,0
1.0951076,0
1.0951265,0
1.0952088,0
1.0952557,0
1.0952762,0
1.0955343,0
1.0955366,0
1.0959259,0
1.0967915,0
1.0968683,0
1.0969816,0
1.0970838,0
1.097392,1
1.097511,0
1.0975885,0
1.0976409,0
1.0976856,1
1.0976985,0
1.0980037,0
1.098223,0
1.098618,0
1.0986633,0
1.0986748,0
1.0987526,0
1.0992849,0
1.0993406,0
1.099669,0
1.0997306,0
1.1002688,0
1.1007688,0
1.1008545,0
1.1008769,0
1.1009201,1
1.1009245,0
1.1010817,0
1.1011156,1
1.1015699,0
1.1017419,0
1.1018164,0
1.101897,0
1.1020607,0
1.1020889,0
1.1021447,0
1.1021779,0
1.1023123,0
1.1024481,0
1.1027468,0
1.1028206,0
1.1030949,0
1.1033092,0
1.103367,0
1.1038444,0
1.1039685,0
1.1041243,1
1.1043252,0
1.1046102,0
1.1047939,0
1.105075,0
1.1052468,0
1.1052951,0
1.105659,0
1.1057049,0
1.1057719,0
1.1059319,0
1.1060876,0
1.1061172,0
1.1061289,0
1.1061443,0
1.1061554,0
1.1064048,0
1.1064284,0
1.1065407,0
1.1065935,0
1.1066825,0
1.1068228,0
1.1069169,0
1.1071783,0
1.1072156,0
1.1074266,0
1.1076113,0
1.1076994,0
1.1079866,0
1.1082395,0
1.1083381,0
1.1086227,0
1.1087402,0
1.1090802,0
1.1091336,0
1.1092521,0
1.1093557,0
1.109637,0
1.1098644,0
1.1102712,0
1.110363,0
1.1104686,0
1.1105554,0
1.1106088,0
1.1107147,0
1.1111038,0
1.1111231,0
1.1111519,1
1.1113137,0
1.1115907,0
1.111775,0
1.1118317,0
1.1118479,0
1.1118819,0
1.1120151,0
1.1120205,0
1.1121603,0
1.1121769,0
1.1122468,0
1.1125368,0
1.1127878,0
1.1130313,0
1.1136209,0
1.1137111,0
1.1138897,0
1.1140189,0
1.1141024,0
1.1141562,0
1.1142125,0
1.1142817,0
1.11433,0
1.114823,0
1.1149509,0
1.1151941,0
1.1152477,0
1.1153103,0
1.115333,0
1.115576,0
1.1157656,0
1.1159931,0
1.1164538,0
1.1165445,0
1.1167324,0
1.1167979,0
1.1170974,0
1.1172105,0
1.1172453,0
1.1172868,0
1.1173025,0
1.1173295,0
1.1173458,0
1.1175988,0
1.1176232,0
1.1180491,0
1.1180539,0
1.1182107,0
1.1183609,0
1.1187203,0
1.1190668,0
1.1191543,0
1.1194733,0
1.1197165,0
1.1205125,0
1.1206692,0
1.1213393,0
1.1216512,0
1.1216944,0
1.1217287,0
1.1219549,0
1.1220173,0
1.122302,0
1.1223474,0
1.122534,0
1.1228158,0
1.1228684,0
1.1229674,0
1.1230861,0
1.1231089,0
1.1232363,0
1.1232858,0
1.1237867,0
1.1238923,0
1.1240733,0
1.1241066,0
1.1241125,0
1.1242856,0
1.1243138,1
1.124769,0
1.1249272,0
1.1249934,0
1.1250229,0
1.1256361,0
1.1258757,0
1.1259456,0
1.1259568,0
1.1264936,0
1.1270149,0
1.1273017,0
1.1273232,0
1.1274264,0
1.1276195,0
1.1277847,0
1.128361,0
1.128541,0
1.1286677,0
1.1289377,0
1.1293002,0
1.1294004,0
1.1295074,0
1.1295673,0
1.1297256,0
1.1300049,0
1.1303837,0
1.1304214,0
1.1304469,0
1.1307651,0
1.1309454,0
1.1311493,0
1.1311527,0
1.131223,0
1.1313971,0
1.1315186,0
1.131562,0
1.1317197,0
1.131841,0
1.1322331,0
1.1323503,0
1.1327786,0
1.1329384,0
1.1331841,0
1.1332414,0
1.1335231,0
1.1337501,0
1.1338704,0
1.1338711,0
1.1338806,0
1.1338819,0
1.1339592,0
1.1340995,0
1.1341196,0
1.1341766,0
1.1342454,0
1.1349336,0
1.1350948,0
1.1356229,0
1.1356626,0
1.1357685,0
1.1359113,0
1.1359831,0
1.1363949,0
1.1365879,0
1.1366539,0
1.1369418,0
1.1372368,0
1.1376629,0
1.1380204,0
1.1383029,0
1.1388813,0
1.1389257,0
1.1390446,0
1.1393012,0
1.1394734,0
1.1395063,0
1.1397874,0
1.1398399,0
1.1399004,0
1.140109,0
1.140192,0
1.140211,0
1.1403552,0
1.1404845,0
1.1405908,0
1.1408058,0
1.1408582,0
1.1408637,0
1.1409299,0
1.1409715,0
1.1410722,0
1.1411432,0
1.1416631,1
1.1416975,0
1.141899,0
1.1419265,0
1.1419299,0
1.1420006,0
1.1421362,0
1.1422863,0
1.1427413,0
1.142995,0
1.1430819,0
1.1431392,0
1.143172,0
1.143264,0
1.1434413,0
1.1434659,0
1.1435499,1
1.1438552,0
1.1438785,0
1.1439009,0
1.1440696,0
1.1443589,0
1.1445692,0
1.1446857,0
1.1446937,0
1.1451422,0
1.1452026,0
1.1456317,0
1.1456456,0
1.1465608,0
1.1465681,0
1.1470122,0
1.1473185,0
1.1480626,0
1.1485748,0
1.1487033,0
1.1487098,0
1.1487583,0
1.1488845,0
1.1495848,0
1.1497047,0
1.1497954,0
1.15012,0
1.1504314,0
1.1505927,0
1.1508079,0
1.1508234,0
1.1509585,0
1.1512824,0
1.1512942,0
1.1515429,0
1.151548,0
1.1516147,0
1.1516957,0
1.1519115,0
1.1519668,0
1.1520295,0
1.1521881,0
1.1526155,0
1.152631,0
1.1526774,0
1.1529238,0
1.1530316,0
1.1530404,0
1.1530471,0
1.1532116,0
1.1532897,0
1.1535988,0
1.1538129,0
1.1538972,0
1.154781,0
1.1549608,0
1.1552969,0
1.1553651,0
1.1559362,0
1.1563307,0
1.1563525,0
1.1563809,0
1.1566504,0
1.1566553,0
1.1571556,0
1.1574214,0
1.1574763,0
1.1575141,0
1.1575412,0
1.1577141,0
1.157913,0
1.1580856,0
1.158781,1
1.1589056,0
1.1589866,0
1.1590431,0
1.1592076,0
1.1592184,0
1.1593477,0
1.1594063,0
1.1595306,0
1.15956,0
1.1596804,0
1.159791,0
1.1603897,0
1.1607049,0
1.1613659,0
1.1614413,0
1.1614523,0
1.161545,0
1.1615592,0
1.1618769,0
1.1620537,0
1.162196,0
1.162217,0
1.16233,0
1.1624594,0
1.1624761,0
1.1625066,0
1.1626016,0
1.1627487,1
1.1632001,0
1.1633767,0
1.1634091,0
1.1635139,0
1.1639235,0
1.164059,0
1.1643004,0
1.1653184,0
1.1655223,0
1.1655941,0
1.165629,0
1.1657203,0
1.1658983,0
1.1660155,0
1.1660324,0
1.1661127,0
1.166213,0
1.1668489,0
1.1670074,0
1.1671225,1
1.1677423,0
1.1680915,0
1.1683214,0
1.1683685,1
1.1687851,0
1.169148,0
1.169285,0
1.1695142,0
1.1696717,0
1.1699427,0
1.1700613,0
1.1700656,0
1.1701186,0
1.1702623,0
1.1710465,0
1.1712637,0
1.1715488,0
1.1716623,0
1.1717098,0
1.1718168,1
1.1718438,0
1.1718956,0
1.1722138,0
1.1722393,0
1.1724724,0
1.1725566,1
1.1728594,1
1.1728976,0
1.173192,0
1.1735078,0
1.1738169,0
1.1739157,0
1.1745509,0
1.1746389,0
1.1746671,0
1.1747206,0
1.1747315,0
1.1750696,0
1.175212,0
1.175251,0
1.1753418,0
1.1755893,0
1.1757141,0
1.1757258,0
1.1758904,0
1.1759123,0
1.1761526,0
1.1762006,0
1.1763477,0
1.1765673,0
1.1768732,0
1.177769,0
1.1780229,0
1.1780586,0
1.1782213,0
1.1786939,0
1.1787777,0
1.1788522,0
1.1790304,0
1.1793814,0
1.1795083,0
1.1796826,0
1.1797976,0
1.1799548,0
1.18005,0
1.1801544,0
1.1801761,0
1.1803267,0
1.1803347,0
1.180341,0
1.1804787,0
1.1804807,0
1.1811986,0
1.1812352,0
1.1813885,0
1.1814506,0
1.1815525,0
1.1815828,0
1.1817266,0
1.1818342,0
1.1821063,0
1.1822429,0
1.1825144,0
1.1827102,0
1.1827624,0
1.1831081,0
1.1831257,0
1.1831403,0
1.1831584,0
1.1833409,0
1.184339,0
1.184703,0
1.1848229,0
1.1849034,0
1.184931,0
1.1853185,0
1.1854031,0
1.1855432,0
1.1857355,0
1.1857781,0
1.1858981,0
1.1861774,0
1.186211,0
1.186288,0
1.1868467,0
1.1874006,0
1.1874229,0
1.1881467,0
1.1882651,0
1.1885824,0
1.1886239,0
1.1888047,0
1.1888185,0
1.1893051,0
1.1893461,0
1.1894108,0
1.1894984,0
1.1895546,0
1.189752,0
1.1897708,0
1.1900444,0
1.190112,0
1.190178,0
1.1904439,0
1.19045,0
1.1905136,0
1.1907251,0
1.1911234,0
1.1920918,0
1.1928985,0
1.1929023,0
1.1930698,0
1.1934844,0
1.1938801,0
1.1939442,0
1.1940756,0
1.1942375,0
1.1943471,0
1.1943791,0
1.1944277,0
1.1944648,0
1.1944916,0
1.194695,0
1.1947345,0
1.1947424,0
1.1947963,0
1.1948481,0
1.1948963,0
1.1948966,0
1.1949115,0
1.1950611,0
1.195107,0
1.195136,0
1.1951407,0
1.1955266,0
1.1955405,0
1.1956273,0
1.1959846,0
1.1960137,0
1.1961797,0
1.1961945,0
1.1965122,0
1.1968132,0
1.1973014,0
1.1973436,0
1.197568,0
1.1975958,0
1.1976061,0
1.1976106,0
1.1977973,0
1.197846,0
1.1979488,0
1.198058,0
1.1981587,0
1.1982677,0
1.1987972,0
1.1988965,0
1.1990654,0
1.1990925,0
1.1990968,0
1.1991256,0
1.1991425,0
1.1995891,0
1.1997789,0
1.1999788,0
1.2001061,0
1.2005974,0
1.2007582,0
1.2010795,0
1.2015016,0
1.2016276,0
1.2018619,0
1.2020862,0
1.202386,0
1.2024367,0
1.2025979,0
1.2026385,0
1.2028599,0
1.2030857,0
1.203788,0
1.2037952,0
1.203906,0
1.204004,0
1.2040522,0
1.2040665,0
1.2041535,0
1.2042456,0
1.2046793,0
1.2047411,0
1.204814,0
1.2048744,0
1.2050049,0
1.20542,0
1.2056684,0
1.2062299,0
1.2063508,0
1.2063591,0
1.2068471,0
1.2070684,0
1.2071401,0
1.2071478,0
1.2071571,0
1.2071627,0
1.2074065,0
1.2074652,0
1.20806,0
1.2083554,0
1.2084982,1
1.208895,0
1.209021,0
1.2090865,0
1.2091984,0
1.209348,0
1.209464,0
1.2094764,0
1.2098038,0
1.2100296,0
1.2102509,0
1.2103114,0
1.2103438,0
1.2106702,0
1.2109871,0
1.2111304,0
1.211172,0
1.2114736,0
1.2114894,0
1.2115855,0
1.2116065,0
1.2117386,0
1.2118196,0
1.2118971,0
1.2124612,0
1.2128478,0
1.2129617,0
1.2129937,0
1.2134688,0
1.2134746,0
1.2136432,0
1.2138581,0
1.2141093,0
1.2144244,0
1.2151228,0
1.2151244,0
1.2155751,0
1.2157314,0
1.2160566,0
1.216266,0
1.2162801,0
1.2166017,0
1.2166473,0
1.216779,0
1.2168053,0
1.2169812,0
1.2170796,0
1.2171142,0
1.2173307,0
1.2175153,0
1.2177153,0
1.2181633,0
1.2182546,0
1.2183387,0
1.2183768,0
1.2188829,0
1.2189621,0
1.2190094,0
1.2191648,0
1.2191796,0
1.2193022,0
1.2199676,0
1.2202227,0
1.2204146,0
1.2210807,0
1.2213143,0
1.2213415,0
1.2214158,0
1.2223256,0
1.2224194,0
1.2226659,0
1.2227554,0
1.2229469,0
1.2232019,0
1.2232397,0
1.2234945,0
1.2239039,0
1.2239406,1
1.2240534,0
1.2241206,0
1.2242649,0
1.2244236,0
1.2245212,0
1.2246445,0
1.2246652,0
1.224837,0
1.2248592,0
1.2249541,0
1.2254105,0
1.2256293,0
1.2257648,0
1.2264304,0
1.2265306,0
1.226651,0
1.2267361,0
1.2268836,0
1.2272305,0
1.2273631,0
1.227369,0
1.2274139,0
1.2275584,0
1.2276781,0
1.2278925,0
1.2280703,0
1.2280935,0
1.2281959,0
1.2285328,0
1.2286646,0
1.228684,0
1.2289039,0
1.228967,0
1.2292256,0
1.2293259,0
1.2295276,0
1.2299405,0
1.2299819,0
1.230014,0
1.230254,0
1.2302598,0
1.2302929,0
1.230449,0
1.2305363,0
1.2307112,0
1.2307377,0
1.2308449,0
1.2313105,0
1.2314502,0
1.2315416,0
1.231802,0
1.2319126,0
1.2321439,1
1.2321911,1
1.2322772,0
1.2324892,0
1.2326094,0
1.2326638,0
1.2326974,0
1.2329324,0
1.2331486,0
1.2331901,0
1.2334676,0
1.2335138,0
1.2341887,0
1.2342845,0
1.2345083,0
1.2345238,0
1.234576,0
1.234708,0
1.2351335,0
1.2354648,0
1.2355485,0
1.235901,0
1.2359332,0
1.2361275,0
1.2362535,0
1.2362669,0
1.2362721,0
1.2363819,0
1.2369568,0
1.2371882,0
1.237525,0
1.237772,0
1.2378535,0
1.2380108,0
1.2380575,0
1.2381008,0
1.2381105,0
1.2381994,0
1.2385261,0
1.2385828,0
1.2389195,0
1.2393454,0
1.2394376,0
1.2398183,0
1.2398388,0
1.2401887,0
1.2406015,0
1.2406398,0
1.2406936,0
1.2407393,0
1.2409068,0
1.2412214,0
1.2413119,0
1.2413198,0
1.2414773,0
1.2415156,0
1.2416608,0
1.2417182,0
1.2420772,0
1.2421734,0
1.2426703,0
1.2431045,0
1.2432438,0
1.2435542,0
1.2440357,0
1.2442778,0
1.2442902,0
1.2447622,0
1.2447832,0
1.2452562,0
1.245544,0
1.2458065,0
1.2461647,0
1.2463591,0
1.2463856,0
1.2474469,0
1.247511,0
1.2479603,0
1.2480224,0
1.2483572,0
1.2484637,0
1.2487649,0
1.2492003,0
1.2494736,0
1.2496827,0
1.2499526,0
1.2503436,0
1.2508633,0
1.2513938,0
1.2514153,0
1.2518575,0
1.251968,0
1.2519894,0
1.2520616,0
1.2521206,0
1.252407,0
1.2528702,0
1.2529743,0
1.253244,0
1.2532861,0
1.2534056,0
1.2535185,0
1.253578,1
1.2536085,0
1.2536237,0
1.2537024,0
1.2539958,0
1.2540301,0
1.2540817,0
1.2543199,0
1.2543836,0
1.2547023,0
1.2548261,0
1.2552218,0
1.2555261,0
1.2555622,0
1.2558452,0
1.2558881,0
1.2559441,0
1.2561328,0
1.2561663,0
1.2562969,0
1.2563927,0
1.2570115,0
1.2570169,0
1.2571576,0
1.257282,0
1.2574626,0
1.2575972,0
1.2577479,0
1.2578603,0
1.258318,0
1.2584711,0
1.2586861,0
1.2587934,0
1.2588025,0
1.258941,0
1.2590697,0
1.259271,0
1.2593603,0
1.2594707,0
1.2595748,0
1.2596868,0
1.260041,0
1.2601517,0
1.2603272,0
1.2603514,0
1.260396,0
1.2604834,0
1.260528,0
1.2608219,0
1.2610368,0
1.2610438,0
1.2612628,0
1.2614582,0
1.2616907,0
1.2623864,0
1.2626894,0
1.2627223,0
1.2627988,0
1.262913,0
1.26314,0
1.2633636,0
1.2633655,0
1.2634861,0
1.2635369,0
1.2636333,0
1.26376,0
1.2638555,0
1.2639211,0
1.2639356,0
1.2640597,0
1.2641025,0
1.2643251,0
1.2647281,0
1.2647563,0
1.2647804,0
1.2648332,0
1.2649596,0
1.265096,0
1.2651742,0
1.2651803,0
1.2652979,0
1.2655089,0
1.2655747,0
1.2655778,0
1.2656878,0
1.2660153,0
1.2661703,0
1.2669493,0
1.2669996,0
1.2670324,0
1.2672296,0
1.2672508,0
1.2674372,0
1.2677851,0
1.2678299,0
1.268068,0
1.2681158,0
1.2685472,0
1.2686156,0
1.2687179,0
1.2688859,0
1.2690156,0
1.2691355,0
1.2693819,0
1.2694006,0
1.2697082,0
1.2697608,0
1.2700281,0
1.2702398,0
1.2702658,0
1.2705698,0
1.2706121,0
1.2706589,0
1.2709733,0
1.2720052,0
1.2720073,0
1.2721504,0
1.2721854,0
1.2723801,0
1.2725197,0
1.272559,0
1.2727867,0
1.2728887,0
1.272913,0
1.2731154,1
1.2731231,0
1.2732385,0
1.2736963,0
1.2737086,0
1.2737545,0
1.2738189,0
1.2739344,0
1.2739688,0
1.274622,0
1.2749553,0
1.2750732,0
1.275249,0
1.2754953,0
1.2761624,0
1.2762306,0
1.2763436,0
1.2766825,0
1.2772532,0
1.2772785,0
1.2774394,0
1.2775394,0
1.2780191,0
1.2780211,0
1.2781289,0
1.2782394,0
1.2784073,0
1.2785401,0
1.2789252,0
1.2789394,0
1.2790219,0
1.2791048,0
1.2792627,0
1.2794445,0
1.2795823,0
1.2797725,0
1.279981,0
1.2803886,0
1.2810086,0
1.2815996,0
1.281935,0
1.2819388,0
1.2825398,0
1.2826111,0
1.2830443,0
1.2830932,0
1.283287,0
1.2834251,0
1.2835125,0
1.2835323,0
1.2837908,0
1.2838719,0
1.2840037,0
1.2840835,0
1.2841308,0
1.2843046,0
1.2844975,0
1.284671,1
1.2851502,0
1.2852303,0
1.2854669,0
1.2855463,0
1.2855791,0
1.2856574,0
1.2857494,0
1.2859704,0
1.2862957,0
1.2863442,0
1.2864003,0
1.2864553,0
1.2865595,0
1.2868721,0
1.287206,0
1.287227,1
1.2877592,0
1.2879653,0
1.2880039,0
1.288012,0
1.28819,0
1.2882458,0
1.288313,0
1.288377,0
1.2887443,0
1.288823,0
1.2892268,0
1.2900593,0
1.2902907,0
1.2904356,0
1.2906287,0
1.2911915,0
1.2913703,0
1.2914209,0
1.2914656,0
1.2919911,0
1.2922226,0
1.2928488,0
1.29308,0
1.2940694,0
1.2941123,0
1.2942982,0
1.2942986,0
1.294463,0
1.2945459,0
1.2945784,0
1.2950519,0
1.2953534,0
1.2953638,0
1.2960024,0
1.2960477,0
1.2961361,0
1.2963042,0
1.2963992,0
1.2968137,0
1.2968693,0
1.2968969,0
1.2969741,0
1.297254,0
1.297376,0
1.2974274,0
1.2975897,0
1.2976358,0
1.2979767,0
1.297997,0
1.2982631,0
1.2985437,0
1.2987041,0
1.2988769,0
1.29892,0
1.29902,0
1.2991598,0
1.2994685,0
1.2995906,0
1.299649,0
1.2998359,0
1.2998397,0
1.2998685,1
1.3000547,0
1.3001417,0
1.3002551,0
1.3008215,0
1.3008726,0
1.3009106,0
1.3010595,0
1.3013723,0
1.3014531,0
1.3017902,0
1.3019456,0
1.3021545,0
1.3023603,0
1.3024498,0
1.3025188,1
1.302619,0
1.3033867,0
1.3036152,0
1.3041729,0
1.3044262,0
1.3046137,0
1.3046292,0
1.3046639,0
1.3049443,0
1.3054856,0
1.3059262,0
1.3060796,0
1.3063102,0
1.306376,0
1.3065368,0
1.3065805,0
1.3067865,0
1.306872,0
1.3069136,0
1.3072565,0
1.3073854,0
1.307639,0
1.3079462,0
1.3079813,0
1.308047,0
1.3086861,0
1.3090303,0
1.3092192,1
1.3094034,0
1.3095727,0
1.3096459,0
1.3097026,0
1.3098135,0
1.3098898,0
1.3099189,0
1.3099306,0
1.3099349,0
1.3102734,0
1.3103765,0
1.3106923,0
1.310718,0
1.3107955,1
1.3109529,0
1.3110968,0
1.3111074,0
1.3111999,0
1.3114163,0
1.3115573,0
1.311593,0
1.3116913,0
1.311981,0
1.3123846,0
1.3128085,0
1.313014,0
1.3131584,0
1.3134694,0
1.3135391,0
1.3142723,0
1.3145009,0
1.3146619,0
1.3147873,0
1.3152182,0
1.3158076,0
1.3163487,0
1.3164033,0
1.316427,0
1.3165298,0
1.3165314,0
1.3165963,0
1.3166047,0
1.3168874,0
1.3170855,0
1.3173685,0
1.3175231,0
1.3176175,0
1.3176692,0
1.3177143,0
1.3178179,0
1.3179011,0
1.3180695,0
1.3183938,1
1.31869,0
1.3190458,1
1.3194118,0
1.320532,0
1.3210211,0
1.3210797,0
1.3211248,0
1.3216673,0
1.3221276,0
1.3222241,0
1.3222916,0
1.3224317,0
1.3226428,0
1.3230127,0
1.3230135,0
1.323016,0
1.3232986,0
1.3237599,0
1.3238847,0
1.3239393,0
1.3239495,0
1.3240461,0
1.324145,0
1.3243617,0
1.3245178,0
1.3245451,0
1.3245928,0
1.324718,0
1.3247385,0
1.3247519,0
1.3247914,0
1.3248553,0
1.3249161,0
1.3249993,0
1.3252714,0
1.3253646,0
1.3256537,0
1.325855,1
1.3259597,0
1.326034,0
1.3260875,0
1.3261484,0
1.3262241,0
1.326553,0
1.3267076,0
1.3267637,0
1.3269067,0
1.3270555,0
1.3270725,0
1.3271899,0
1.3274188,0
1.3276472,0
1.3277743,0
1.3285973,0
1.3287053,0
1.3288646,0
1.32901,0
1.3290269,0
1.3292325,1
1.3294915,0
1.3295197,1
1.3298166,0
1.3300122,0
1.3302028,0
1.3302193,0
1.3304977,0
1.3305236,0
1.3308891,0
1.3310878,0
1.3312018,0
1.3313174,0
1.331369,0
1.3315024,0
1.331594,0
1.3317423,0
1.3329293,0
1.3333427,0
1.333415,0
1.3335052,0
1.3336761,0
1.3344203,0
1.3345867,0
1.3348038,0
1.3348371,0
1.3349957,0
1.3353959,1
1.3354411,0
1.3358215,0
1.3359733,0
1.3359811,0
1.3362503,0
1.3362532,0
1.3362758,0
1.3364313,0
1.3364573,0
1.336543,0
1.3368404,0
1.3369117,0
1.3373286,0
1.3374522,0
1.3378888,0
1.3382667,0
1.3385981,0
1.338646,0
1.3387793,0
1.3387914,0
1.3388876,0
1.3389317,0
1.3390533,1
1.3390936,0
1.3391361,0
1.3394475,0
1.3397458,0
1.3398081,0
1.3398204,0
1.3399557,0
1.3400218,0
1.3404652,0
1.3407333,0
1.3407667,0
1.3408906,0
1.3408998,0
1.3409011,0
1.3410275,0
1.3412423,0
1.3412957,0
1.3413839,0
1.3414087,0
1.3414478,0
1.3417816,0
1.3418059,0
1.341969,0
1.3420627,0
1.3423854,0
1.3426358,0
1.3429587,0
1.3431299,0
1.3431981,0
1.3432003,0
1.3432117,0
1.3432531,0
1.343468,0
1.3435724,0
1.3436462,0
1.3440028,0
1.3441027,0
1.344432,0
1.3444635,0
1.3452473,0
1.3453151,0
1.3453391,0
1.3454859,0
1.3456385,0
1.3457942,0
1.3458171,0
1.3459818,0
1.3460243,0
1.3460497,0
1.3460855,0
1.3463273,0
1.3465142,0
1.3468508,0
1.3470718,0
1.347082,0
1.3472767,0
1.3475053,0
1.3477032,0
1.3477497,0
1.3478777,0
1.3482558,0
1.3482604,0
1.348623,0
1.3486586,0
1.3487128,0
1.3489561,0
1.349347,0
1.3497219,0
1.3498584,0
1.349991,0
1.3500881,0
1.3503879,0
1.350632,0
1.3506972,0
1.3507779,0
1.350879,0
1.351182,0
1.3521435,0
1.3522189,0
1.3523979,0
1.3525037,0
1.3525435,0
1.352563,0
1.3528404,0
1.3530136,0
1.3530728,0
1.3537102,0
1.3537229,0
1.3538222,0
1.3538697,0
1.353909,0
1.3539301,0
1.354039,0
1.3543673,0
1.3546455,0
1.355037,0
1.3553882,0
1.3555305,0
1.3557872,0
1.3561615,0
1.3561896,0
1.3562311,1
1.3564017,0
1.3569294,0
1.3569458,0
1.3576651,0
1.3577421,0
1.3577583,0
1.3577825,0
1.357846,0
1.3579234,0
1.3583144,0
1.3594524,0
1.359534,0
1.3598143,0
1.3598931,0
1.359898,0
1.3599076,0
1.3599237,0
1.3600556,0
1.3601803,0
1.3602314,0
1.3602638,0
1.3602669,0
1.360615,0
1.3607109,0
1.3611643,0
1.3617506,0
1.3617644,0
1.3619114,0
1.361913,0
1.3625159,0
1.3629242,0
1.3630353,0
1.3632776,0
1.363646,0
1.3644899,0
1.3645726,0
1.3645965,0
1.3646113,0
1.3646175,0
1.3650148,0
1.3652086,0
1.3655294,0
1.365874,0
1.3660312,0
1.3661327,0
1.3661442,0
1.3662839,0
1.366812,0
1.3668519,0
1.3672576,0
1.3673002,0
1.3676001,0
1.3676081,0
1.3676854,0
1.3688073,0
1.3691607,0
1.3695374,0
1.369957,0
1.3700391,0
1.3700844,0
1.3701903,0
1.3706211,0
1.3707759,0
1.370854,0
1.3709486,0
1.3711083,0
1.3712114,0
1.3714623,0
1.3717934,0
1.3718572,0
1.372777,0
1.3729635,0
1.3730592,0
1.3731663,0
1.3733909,0
1.3734577,0
1.3735934,0
1.3737745,0
1.373932,0
1.3743033,0
1.3743727,0
1.3744645,0
1.3745017,0
1.3747909,0
1.3748684,0
1.3749759,0
1.374988,0
1.3750736,0
1.375386,0
1.3754101,0
1.375416,0
1.3754387,0
1.3756522,0
1.3761797,0
1.3764665,0
1.376518,0
1.3767271,0
1.3769275,0
1.3772581,0
1.3772666,0
1.3776374,0
1.3776392,0
1.3778527,0
1.3782291,0
1.3782666,0
1.3786362,0
1.3789696,0
1.3794134,0
1.3794554,0
1.3795106,0
1.3795198,0
1.3796248,0
1.3797485,0
1.3799114,0
1.3802826,0
1.380564,0
1.3808954,0
1.3809445,0
1.3809506,0
1.3811265,0
1.3813114,0
1.3814156,0
1.3815849,0
1.3816063,0
1.3816215,1
1.38241,0
1.38242,0
1.3824534,0
1.3830239,0
1.3831029,0
1.3831043,0
1.383199,0
1.383275,0
1.383281,0
1.3833398,0
1.383665,0
1.3837597,0
1.3838146,0
1.384031,0
1.3842419,0
1.3847226,0
1.3848528,0
1.3850045,0
1.3851855,0
1.3852512,0
1.3854637,0
1.3857225,0
1.3857887,0
1.3858438,0
1.3859023,0
1.3859702,0
1.3861476,0
1.386199,0
1.3865753,0
1.3866746,0
1.3869023,0
1.3869427,0
1.3874668,0
1.3881549,0
1.3883184,0
1.388518,0
1.3885581,0
1.3885866,0
1.3895941,1
1.3898915,0
1.389914,0
1.390218,0
1.3903531,0
1.3903689,0
1.3907268,0
1.3908141,0
1.3911159,0
1.3912506,0
1.391307,0
1.391406,0
1.3914514,0
1.3920997,0
1.3923987,0
1.3924448,0
1.3924543,0
1.3927013,0
1.3927166,0
1.3927467,0
1.3927913,0
1.3928058,0
1.393,0
1.3931198,0
1.3933531,0
1.3934147,0
1.3936577,0
1.3937163,0
1.3939931,0
1.3945258,0
1.39475,0
1.3949513,0
1.3950977,0
1.3952968,0
1.3953145,0
1.395441,0
1.395481,0
1.3956856,0
1.3957615,0
1.3959407,0
1.3959545,0
1.3963411,0
1.3963714,0
1.3965782,0
1.3967557,0
1.3968935,0
1.3975571,0
1.3976389,0
1.3980471,0
1.3980873,0
1.3982244,0
1.3983309,0
1.3986471,0
1.3987596,0
1.3988312,0
1.3992248,0
1.3995831,0
1.3997157,0
1.3998787,0
1.3998927,0
1.4000307,0
1.400033,0
1.4002018,0
1.4002366,0
1.4003118,0
1.400495,0
1.401181,0
1.4012147,0
1.401285,0
1.4013519,0
1.4016466,0
1.4017816,0
1.4019678,0
1.4021246,0
1.4029354,0
1.403071,0
1.4034908,0
1.4036441,0
1.4038153,0
1.4041437,0
1.4046941,0
1.4051822,0
1.4052535,0
1.4052961,0
1.4055325,0
1.4055908,0
1.405911,0
1.4064252,0
1.406498,1
1.4065385,0
1.406575,0
1.4066565,0
1.4067727,0
1.4068426,0
1.4070944,1
1.4071945,0
1.4073298,0
1.4074212,0
1.4082093,0
1.4083408,0
1.408549,0
1.4087282,0
1.408972,0
1.4091284,0
1.4095366,0
1.4098196,0
1.4100895,0
1.4101325,0
1.4101857,0
1.4102689,0
1.4103884,0
1.4104372,0
1.4104946,0
1.4108286,0
1.4110432,0
1.4110456,0
1.4116064,0
1.4116518,0
1.4117303,0
1.4119867,0
1.4122808,0
1.4126904,0
1.4127357,0
1.412924,0
1.4129659,0
1.4129708,0
1.4131962,0
1.4133765,0
1.4136224,0
1.4137032,0
1.4141425,0
1.414253,0
1.4146168,0
1.4147936,0
1.4150304,0
1.4151525,0
1.4152081,0
1.4154699,0
1.4156475,0
1.416094,0
1.4161568,0
1.416241,0
1.4165759,0
1.4170369,0
1.4173408,0
1.4175794,0
1.417774,0
1.4179739,0
1.4180288,0
1.4181128,0
1.4181151,0
1.4182956,0
1.4185653,0
1.4187953,1
1.4189278,0
1.4189444,0
1.419023,0
1.4199374,0
1.4201387,0
1.420301,0
1.4203026,0
1.4205801,0
1.4207288,0
1.421278,0
1.4215288,0
1.4216301,0
1.4220283,0
1.4221572,0
1.4222441,0
1.4223158,0
1.4232053,0
1.4236507,0
1.4236792,0
1.423744,0
1.4238722,0
1.4239883,0
1.4243207,0
1.424612,0
1.4246153,0
1.4253018,0
1.4253397,0
1.4254165,0
1.4254305,0
1.4255254,0
1.4258661,1
1.4259372,0
1.426203,0
1.4262862,0
1.4263191,0
1.426322,0
1.4264375,0
1.4267209,0
1.4270971,0
1.4270991,0
1.427141,0
1.4271693,0
1.4272126,0
1.4275043,0
1.42751,0
1.4276621,0
1.4279056,0
1.4279753,0
1.4280248,0
1.4281371,0
1.4281969,0
1.4284447,0
1.428498,0
1.4286762,0
1.4287547,0
1.4287691,0
1.4287834,0
1.4291192,0
1.4292377,0
1.4297338,0
1.4304781,0
1.4307896,0
1.4308882,0
1.4314606,0
1.431509,0
1.4318376,0
1.4318544,0
1.4318917,0
1.4319029,0
1.432095,0
1.4327556,0
1.432768,0
1.4329658,0
1.4332411,0
1.4334223,0
1.4335539,0
1.4337207,0
1.4337543,0
1.4339178,0
1.4341795,0
1.4342132,0
1.4345939,0
1.4349263,0
1.4349616,0
1.4350693,0
1.4353056,0
1.4354368,0
1.4357071,0
1.4358742,0
1.4359136,0
1.4361213,0
1.4364431,0
1.4369471,0
1.4370552,0
1.4371337,0
1.4374611,0
1.4375123,0
1.4376856,0
1.4380479,0
1.4382857,0
1.4384055,0
1.4385165,0
1.4390322,0
1.4390718,0
1.4391989,0
1.4392104,0
1.4392586,0
1.4395036,0
1.4399958,0
1.4400933,0
1.440261,0
1.4405587,0
1.4406785,0
1.4407363,0
1.4410795,0
1.4422095,0
1.442583,0
1.4427464,0
1.4428885,0
1.4431207,0
1.4432278,0
1.4432418,0
1.443599,0
1.4437054,0
1.4437854,0
1.4437995,0
1.4445612,0
1.4447845,0
1.4448948,0
1.4453104,0
1.4453684,0
1.4456121,0
1.4456474,0
1.4457157,0
1.4458436,0
1.4460359,0
1.4463495,0
1.4463985,0
1.4467578,0
1.4479557,0
1.447994,0
1.4481846,0
1.4486482,0
1.4489378,0
1.4492214,0
1.44924,0
1.4493523,0
1.4494628,0
1.4495246,0
1.449842,0
1.4498885,0
1.4499574,0
1.4499586,0
1.4500101,0
1.4500419,0
1.4500964,0
1.4503702,0
1.45042,0
1.4509492,0
1.4510138,0
1.451219,0
1.4513161,0
1.4515699,0
1.4515731,0
1.4516195,0
1.4516339,0
1.4518425,0
1.4519564,0
1.4524841,0
1.4528277,0
1.4530873,0
1.4534668,0
1.4534826,0
1.4535635,0
1.4538227,0
1.4538893,0
1.4549398,0
1.4550111,0
1.4552141,0
1.4553522,0
1.4555125,0
1.4556549,0
1.4558859,0
1.4562297,0
1.4562362,0
1.4564937,0
1.4566711,0
1.4567884,0
1.4568723,0
1.4569623,0
1.4570808,0
1.4573398,0
1.4575849,0
1.457845,0
1.4584711,0
1.4588547,0
1.4588807,0
1.4589505,0
1.4590548,0
1.4594581,0
1.4594787,0
1.4597659,0
1.4597898,0
1.4598454,0
1.4598906,0
1.4601729,0
1.4604061,0
1.4605486,0
1.4605987,0
1.4607598,0
1.4609095,0
1.4612404,0
1.4614402,0
1.4615808,0
1.4616766,0
1.4617282,0
1.4619849,0
1.462274,0
1.4624168,0
1.4628524,0
1.4628599,0
1.4630439,0
1.4631757,0
1.4633753,0
1.4637152,0
1.4638293,0
1.4638708,0
1.4640341,0
1.4641725,0
1.4641823,0
1.4644418,0
1.4645988,0
1.4646165,0
1.4646337,0
1.4652935,0
1.4655011,0
1.4656221,0
1.4658442,0
1.4658853,0
1.4659544,0
1.4664587,0
1.4674052,0
1.4675093,0
1.467721,0
1.4688843,0
1.4688958,0
1.4689944,0
1.4692178,0
1.4698697,0
1.4702333,0
1.4702504,0
1.4703766,0
1.4708273,0
1.4710096,0
1.4712136,0
1.471399,0
1.4723686,0
1.4725101,0
1.4726089,0
1.472687,0
1.4727248,0
1.472934,0
1.4729514,0
1.4735234,0
1.473866,0
1.47388,0
1.473908,0
1.4740798,0
1.4741518,0
1.4746928,0
1.4747498,0
1.4750504,0
1.4754186,0
1.4759811,0
1.4760029,0
1.4762695,0
1.4763138,0
1.4763156,0
1.4763386,0
1.4763402,0
1.4766989,0
1.4768955,0
1.4771559,0
1.4774488,0
1.4775487,0
1.4775757,0
1.4787211,0
1.4794749,0
1.4796422,0
1.4799881,0
1.4804109,0
1.4804136,0
1.4807665,0
1.480904,0
1.4809477,0
1.4814023,0
1.4815345,0
1.4816484,0
1.4821813,0
1.4824704,0
1.4825664,0
1.4829226,0
1.4829862,0
1.4830719,0
1.4833097,0
1.4833823,0
1.4840494,0
1.4844841,0
1.4846485,0
1.4847894,0
1.484986,0
1.4850456,0
1.4850968,0
1.485117,0
1.4851596,0
1.4852352,0
1.4852476,0
1.4852672,0
1.4853654,0
1.4853693,0
1.4854938,0
1.485619,0
1.4856654,0
1.4856882,0
1.4865074,0
1.4867346,0
1.486737,0
1.4872625,0
1.487663,0
1.4876677,0
1.487704,0
1.487862,0
1.488008,0
1.4881147,0
1.4883621,0
1.4883711,0
1.4885259,0
1.4885418,0
1.4885488,0
1.4887071,0
1.4887321,0
1.4887637,0
1.4889189,0
1.4891936,0
1.4892932,0
1.489354,1
1.4894404,0
1.4896591,0
1.4899364,0
1.4900136,0
1.4902756,0
1.4903549,0
1.4903842,0
1.490596,0
1.4915323,0
1.4922512,0
1.4922721,0
1.4922874,0
1.4928929,0
1.492932,0
1.493325,0
1.4933367,0
1.4934051,0
1.4934361,0
1.4936651,0
1.4937086,0
1.4937611,0
1.4937862,0
1.4939394,0
1.4939886,0
1.4941508,0
1.4941808,0
1.4946371,0
1.4947987,0
1.4952784,0
1.4955711,0
1.4956522,0
1.4957783,0
1.4958481,0
1.4959344,0
1.4962771,0
1.4965801,0
1.4966232,0
1.4968536,0
1.4970388,0
1.4971817,0
1.4972895,0
1.4976362,0
1.4977504,0
1.4977955,0
1.4979595,0
1.4981705,0
1.4983748,0
1.4985845,0
1.4985919,0
1.4986248,0
1.4991049,0
1.4993324,0
1.4994367,0
1.4995129,0
1.4996821,0
1.5001519,0
1.5002661,0
1.5003905,0
1.500434,0
1.5006629,0
1.5007027,1
1.5007288,0
1.5007423,0
1.5009358,0
1.5010139,0
1.5013708,0
1.5013838,0
1.5014317,0
1.5018742,0
1.5021294,0
1.5024123,0
1.5024707,0
1.5024716,0
1.5029387,0
1.5030209,0
1.5032411,0
1.5037056,0
1.5038629,0
1.5038644,0
1.5039011,0
1.503958,0
1.5047429,0
1.5049648,0
1.5052333,0
1.505338,0
1.5053663,0
1.5054886,0
1.5060083,0
1.5060781,0
1.5063735,0
1.5068414,0
1.5072076,0
1.5076253,0
1.5076903,0
1.5078793,1
1.5078865,0
1.5079796,0
1.508096,0
1.5081263,0
1.5081327,0
1.5081725,0
1.5084418,0
1.5084747,0
1.5085464,0
1.5087287,0
1.5090005,0
1.5091166,0
1.5091733,0
1.5091777,0
1.5092921,0
1.5093666,0
1.5096114,0
1.5099134,0
1.5105927,0
1.510635,0
1.5107253,0
1.5107591,0
1.5108864,0
1.5112818,0
1.5114074,0
1.5115211,0
1.5118178,0
1.5118644,0
1.5121081,0
1.5123532,0
1.512801,0
1.5130483,0
1.5135229,0
1.5135651,0
1.5139606,0
1.5140812,0
1.5143209,0
1.5145053,0
1.5145974,0
1.5152017,0
1.5154514,0
1.5154536,0
1.5156957,0
1.5158046,0
1.516068,0
1.5160785,0
1.516162,0
1.5165124,0
1.5166447,0
1.5167334,0
1.5167545,0
1.5168836,0
1.5170183,0
1.517117,0
1.5173855,0
1.5174742,0
1.5179759,0
1.5180764,0
1.5181245,0
1.5183148,0
1.5183922,0
1.5189717,0
1.5192709,0
1.5196556,0
1.5196575,0
1.5197108,0
1.519894,0
1.5199784,0
1.5200249,0
1.5206813,0
1.5209944,0
1.5210909,0
1.5213897,0
1.5221179,0
1.5222737,0
1.5229934,0
1.5243728,0
1.5247874,0
1.5250783,0
1.5251117,0
1.5253356,0
1.5253605,0
1.5265493,0
1.5267514,0
1.5269132,0
1.5272427,0
1.5272484,0
1.527381,0
1.5273819,0
1.5278649,0
1.5279064,0
1.5282952,1
1.5284443,0
1.5286369,0
1.5286497,0
1.5287266,0
1.5288782,0
1.5289984,0
1.5291126,0
1.5293584,0
1.5296495,0
1.5296891,0
1.5298483,0
1.529975,0
1.5302186,0
1.5302835,0
1.5305707,0
1.530736,0
1.5308146,0
1.5308794,0
1.5312257,0
1.5312623,0
1.5312735,0
1.5314884,1
1.5317658,0
1.5320019,0
1.532046,0
1.5321748,0
1.5326315,0
1.5332134,0
1.5333405,0
1.5336783,0
1.5337052,0
1.534035,0
1.5344719,0
1.5346987,1
1.5348011,0
1.5351496,0
1.5355189,0
1.5355237,0
1.5355381,0
1.5360224,0
1.5363187,0
1.5367087,0
1.5367103,0
1.5367945,0
1.5369828,0
1.5373086,0
1.5375996,0
1.5377508,0
1.5379901,0
1.5380639,0
1.5385582,0
1.5387361,1
1.5389874,0
1.539203,0
1.5392498,0
1.5395858,0
1.5396276,0
1.5400838,0
1.5402627,0
1.5402722,0
1.5403442,0
1.5403446,0
1.5407579,0
1.5407634,0
1.5411816,0
1.5415771,0
1.541618,0
1.5417832,0
1.5421696,0
1.5422544,0
1.5423839,0
1.5424764,0
1.5425849,0
1.5426675,0
1.5428017,0
1.5429223,0
1.5434084,0
1.5435107,0
1.543528,0
1.5435963,0
1.543694,0
1.5437965,0
1.5438225,0
1.5439684,0
1.5439972,0
1.5440676,1
1.544522,0
1.544716,0
1.5449027,0
1.5449975,0
1.5450145,0
1.5450985,0
1.5455757,0
1.5456355,0
1.5460835,0
1.546088,0
1.5463275,0
1.5466205,0
1.5466866,0
1.5469298,0
1.5470004,0
1.5470083,0
1.547478,0
1.5477226,0
1.5477295,0
1.5481945,0
1.5485145,0
1.548571,0
1.548932,0
1.548964,0
1.5489788,0
1.5490507,0
1.5495937,0
1.5498226,0
1.5501018,0
1.5507919,0
1.5510094,0
1.5511165,0
1.551165,0
1.551379,0
1.5515469,0
1.5518022,0
1.5520561,0
1.552074,0
1.552099,0
1.5522707,0
1.5523077,0
1.5523504,0
1.552366,0
1.5523837,0
1.5524373,0
1.5527999,0
1.552897,0
1.5530255,0
1.5530558,0
1.5531199,0
1.5534894,0
1.5537441,0
1.5540845,0
1.554183,0
1.5544378,0
1.5549991,0
1.5552351,0
1.5553908,0
1.5554528,0
1.5555222,0
1.5555559,0
1.5556107,0
1.5561868,0
1.5564274,0
1.5565858,0
1.5567248,0
1.5568918,0
1.5569353,0
1.5575933,0
1.5578142,0
1.5578586,0
1.5579208,1
1.5579789,0
1.5580075,0
1.5581172,0
1.5586636,0
1.5587231,0
1.5587729,0
1.5590024,0
1.5591242,0
1.5591341,0
1.5592217,0
1.5592551,0
1.560064,0
1.5606334,0
1.5610347,0
1.5610596,0
1.5613701,0
1.5614591,0
1.5615493,0
1.5616779,0
1.562129,0
1.5623565,0
1.5629202,0
1.5629995,0
1.5630598,0
1.5639775,0
1.564163,0
1.5643181,0
1.5646231,0
1.5655293,0
1.5656264,0
1.5656301,0
1.5657221,0
1.5659752,0
1.5662836,0
1.5663699,0
1.566391,0
1.5666025,0
1.5667365,0
1.5668691,0
1.5668721,0
1.5669734,0
1.5669789,0
1.5671957,0
1.567203,0
1.567262,0
1.5674616,0
1.5674654,0
1.5679017,0
1.5679374,0
1.5682119,0
1.5682496,0
1.5683434,0
1.5684707,0
1.5691446,0
1.5698987,0
1.5704857,0
1.5715599,0
1.5715611,0
1.5717713,0
1.5723041,0
1.5723543,0
1.5728754,0
1.5728977,0
1.5729115,0
1.5731261,0
1.5732775,0
1.5738311,0
1.573961,0
1.5740126,0
1.5741547,0
1.5742223,0
1.5746521,0
1.5748551,1
1.5749245,1
1.5750396,0
1.5751278,0
1.575237,0
1.5755261,0
1.5759557,0
1.5769627,0
1.5770252,0
1.5771172,0
1.5771616,0
1.577194,0
1.5779427,0
1.5782361,0
1.5782908,0
1.578483,0
1.5786371,0
1.5786569,0
1.5787213,0
1.578883,0
1.5788965,0
1.5789398,0
1.5791667,0
1.5792704,0
1.5794613,0
1.5795346,0
1.5799632,0
1.5802602,0
1.5804269,0
1.5806043,0
1.580635,1
1.5812323,0
1.5812941,0
1.5812994,0
1.5815513,0
1.5817811,0
1.5819519,0
1.5826173,0
1.5826927,0
1.5828584,0
1.5832189,0
1.5836787,0
1.5839245,0
1.58411,0
1.5841938,0
1.5843158,0
1.584403,0
1.5844097,0
1.5844433,0
1.584485,0
1.5845042,0
1.5849032,0
1.5850207,0
1.5850751,0
1.5857015,0
1.585774,0
1.586932,0
1.586941,0
1.5871184,0
1.5872182,0
1.5872538,0
1.5873934,0
1.5874074,0
1.5874238,0
1.5875852,1
1.5875956,0
1.5876758,0
1.5880712,0
1.588341,0
1.5884467,0
1.5886867,0
1.5889299,0
1.5891556,0
1.5892845,0
1.5895419,0
1.5895838,0
1.5896802,0
1.5901909,0
1.5902622,0
1.5903428,0
1.5905088,0
1.590675,0
1.5909648,0
1.5910605,0
1.5917242,0
1.5923423,0
1.5923498,0
1.5923679,0
1.5923907,0
1.5924326,0
1.5924586,0
1.5930654,0
1.5932677,0
1.593332,0
1.5934803,0
1.5937129,0
1.5943848,0
1.5944995,0
1.5948333,0
1.5948787,0
1.5949663,0
1.5949957,0
1.5950482,0
1.5954976,0
1.5958161,0
1.5958533,0
1.5959194,0
1.5959527,0
1.5961293,0
1.5961318,0
1.5967286,0
1.5971756,0
1.5971845,0
1.597251,0
1.5975087,0
1.5977156,0
1.5980061,0
1.5980071,0
1.5982517,0
1.5983714,0
1.5983806,0
1.5985142,0
1.5985541,0
1.5986072,0
1.5987699,0
1.599112,0
1.5995681,0
1.6005591,0
1.6019247,0
1.6021172,0
1.6023318,0
1.602895,0
1.6029063,0
1.6029356,0
1.6029615,0
1.6031002,0
1.6032925,0
1.6033888,0
1.6035266,0
1.6035743,0
1.6038628,0
1.604008,0
1.6040484,0
1.6044528,0
1.6045897,0
1.6046119,0
1.6048384,0
1.6051198,1
1.6054313,0
1.6057601,0
1.6058079,0
1.6060228,0
1.6060818,0
1.6062608,0
1.6064992,0
1.6067301,0
1.6071765,0
1.6073444,0
1.6075997,1
1.6076444,0
1.607872,0
1.6081278,0
1.6082331,0
1.6082584,0
1.6090308,0
1.6092274,0
1.6094003,0
1.6096615,0
1.6101758,0
1.6104009,0
1.6111302,0
1.6112705,0
1.6115749,0
1.6121032,0
1.6126235,0
1.6128674,0
1.6129575,0
1.6131114,0
1.6133173,0
1.6137911,0
1.6140611,0
1.6142204,0
1.6146045,0
1.6147994,0
1.6152679,0
1.6153404,0
1.6154189,0
1.6154276,1
1.6155641,0
1.6162441,0
1.6162965,0
1.6163,0
1.6163585,0
1.6165097,0
1.6165926,0
1.6166177,0
1.6166602,0
1.616691,0
1.616773,0
1.6168504,0
1.6169026,0
1.6169705,0
1.6169856,0
1.6170299,0
1.617469,0
1.6175301,0
1.6175798,0
1.6176604,0
1.617669,0
1.6176711,0
1.617888,0
1.6183103,0
1.6184174,0
1.6186678,0
1.6186943,0
1.6187711,0
1.6189333,0
1.6190491,0
1.6191167,0
1.6195129,0
1.6195543,0
1.6198407,0
1.6198523,0
1.6199808,1
1.6201181,0
1.6201419,0
1.620148,0
1.6204157,0
1.6208768,0
1.6208782,0
1.6212494,0
1.6216011,0
1.6217346,0
1.6221896,0
1.6224498,0
1.622657,0
1.6227221,0
1.6234114,0
1.6235416,0
1.6239047,0
1.6239121,0
1.6239921,0
1.6244854,0
1.6247985,0
1.6248021,0
1.6248319,0
1.6249068,1
1.6252238,0
1.6257629,0
1.625793,0
1.6268075,0
1.6269075,0
1.6269327,0
1.6269836,0
1.6270328,0
1.627279,0
1.6274066,0
1.6276685,0
1.6277944,0
1.6278913,0
1.6279507,0
1.6282306,0
1.6284436,0
1.6284454,0
1.6285943,0
1.6286314,0
1.6288393,0
1.6288921,0
1.6290123,0
1.6293955,0
1.629439,0
1.6295236,0
1.629553,0
1.6295757,0
1.6300865,0
1.6303128,0
1.6306254,0
1.630691,0
1.6309466,0
1.6311804,0
1.6312468,0
1.6314645,0
1.6315156,0
1.631587,0
1.6321038,0
1.6321518,0
1.632281,0
1.6323048,0
1.6324602,0
1.6326367,0
1.6328316,0
1.6332257,0
1.6334734,0
1.6336809,0
1.6337683,0
1.6339912,0
1.6341789,0
1.6342024,1
1.6343927,0
1.634548,0
1.6348125,0
1.6350037,0
1.6350411,0
1.6352621,0
1.6355795,1
1.6358085,0
1.6363657,0
1.6366692,0
1.6369209,0
1.6369778,0
1.6369815,0
1.6370502,0
1.6370703,0
1.637379,0
1.6373999,0
1.637453,0
1.6379468,0
1.6379582,0
1.63799,0
1.6381991,0
1.6383375,0
1.638382,0
1.6384158,0
1.6386182,0
1.6386266,0
1.638886,0
1.6390309,0
1.6391318,0
1.6401582,0
1.6404033,0
1.6404222,0
1.6407717,0
1.6408212,0
1.6408718,0
1.6417,0
1.6417122,0
1.6429129,0
1.6429465,0
1.6429611,0
1.6437716,0
1.6444559,0
1.6448267,0
1.645022,0
1.6451,0
1.645178,0
1.6456652,0
1.645668,0
1.6459329,0
1.6460336,0
1.6477085,0
1.6478575,0
1.6480095,0
1.6481268,0
1.6482849,0
1.6484804,0
1.6486795,0
1.6488405,0
1.6490117,0
1.6490518,0
1.6493002,0
1.649354,0
1.6497443,0
1.6498605,0
1.6504887,0
1.6505497,0
1.6510916,0
1.6512274,0
1.6514281,0
1.6516962,0
1.6517301,0
1.651753,0
1.6523658,0
1.6525512,0
1.6531242,0
1.6532987,0
1.6537843,0
1.65383,0
1.6539314,0
1.6539428,0
1.6540172,0
1.6540327,0
1.6540397,0
1.6544728,0
1.6545633,0
1.6547425,0
1.6551187,0
1.6555246,0
1.6558187,0
1.6558341,0
1.6560833,0
1.6565484,0
1.6576593,0
1.6577102,1
1.658878,0
1.6589139,0
1.6590021,0
1.6590912,0
1.6594758,0
1.6598637,0
1.6598864,0
1.6602637,0
1.6605836,0
1.6607562,0
1.6615963,0
1.661767,0
1.6618288,0
1.6619534,0
1.6620424,0
1.662059,0
1.6623167,0
1.6623874,0
1.6626247,0
1.662715,0
1.6628286,0
1.6631099,0
1.6631918,0
1.663606,0
1.6636626,0
1.6642796,0
1.6645186,0
1.6645474,0
1.6646444,0
1.6651008,0
1.6654066,0
1.6655635,0
1.6656392,0
1.6664994,0
1.6666119,0
1.66665,0
1.6668499,0
1.6669704,0
1.6673756,1
1.6678648,0
1.6679579,0
1.668641,0
1.6688958,0
1.669214,0
1.6696464,0
1.6696868,0
1.6699874,0
1.6705554,0
1.6707337,0
1.6709253,0
1.6709576,0
1.670985,0
1.6715013,0
1.6717699,0
1.6720372,0
1.6722116,0
1.6722174,0
1.6722323,0
1.6724397,0
1.672574,0
1.6726906,0
1.6731753,0
1.6733253,0
1.6733266,0
1.6734339,0
1.6735684,0
1.6741961,0
1.6742485,0
1.6744493,0
1.6744711,0
1.6750995,0
1.6755688,0
1.6759944,0
1.6761296,0
1.6761398,0
1.6762738,0
1.6763844,0
1.6768343,0
1.6768708,0
1.6769525,0
1.677072,0
1.6772686,0
1.6773739,0
1.6776457,0
1.6780252,0
1.6782638,0
1.6783001,0
1.6784623,0
1.6792893,0
1.6795356,0
1.6795368,0
1.6796615,0
1.6796894,0
1.6796985,0
1.6798513,0
1.6802323,0
1.6803334,0
1.6803753,0
1.6808491,0
1.680898,0
1.6810055,1
1.681041,0
1.6811293,0
1.6812515,0
1.6812711,0
1.6817797,0
1.6818056,0
1.6822704,0
1.6822804,0
1.6828167,0
1.6829796,0
1.6830175,0
1.683166,0
1.6833237,0
1.683615,0
1.6836481,0
1.6836574,0
1.6839067,0
1.6840166,0
1.6846201,0
1.6846703,0
1.6849625,0
1.685143,0
1.6852129,0
1.6852918,0
1.6852945,0
1.6853642,0
1.6853733,0
1.6856959,0
1.6859463,0
1.6859542,0
1.6861517,0
1.6863906,0
1.6866856,0
1.6867002,0
1.6869484,0
1.6870424,0
1.6874695,0
1.6876227,0
1.6877412,0
1.6881471,0
1.6881989,0
1.6887275,0
1.6887426,0
1.6887591,0
1.6888086,0
1.6892681,0
1.6893557,0
1.6894583,0
1.6895505,0
1.6898004,0
1.6898711,0
1.6900394,0
1.6902215,0
1.6906836,0
1.6908214,0
1.6909409,0
1.6911461,0
1.6915506,0
1.6916127,0
1.6918063,0
1.6920813,0
1.6924566,0
1.6925633,0
1.6929168,0
1.6933217,0
1.693408,0
1.6935416,0
1.6936617,0
1.6937366,0
1.693756,0
1.6939318,0
1.6940293,0
1.6940784,0
1.6941458,0
1.6942407,0
1.6942492,0
1.6943207,0
1.6948178,0
1.6950076,0
1.6951658,0
1.6953964,0
1.6957417,0
1.6957744,0
1.6960349,0
1.6964778,0
1.6965445,0
1.6967082,0
1.6968787,0
1.6971486,1
1.6973124,0
1.6973183,0
1.6974678,0
1.6978111,0
1.697891,0
1.6983763,0
1.6984465,0
1.6985586,0
1.6987202,0
1.6990738,0
1.6992556,0
1.6992924,0
1.6993804,0
1.6993878,0
1.6999156,0
1.6999193,0
1.7000018,0
1.7005152,0
1.7006273,0
1.7007456,0
1.7007513,0
1.7009764,0
1.7013795,0
1.7014921,0
1.7017152,0
1.7022036,0
1.7024431,0
1.7029455,0
1.7030337,0
1.7033036,0
1.7034103,0
1.7034229,0
1.704028,0
1.7040406,0
1.7041323,0
1.7041588,0
1.7042017,0
1.7043036,0
1.7057316,0
1.7057991,0
1.7061938,0
1.7064091,0
1.7065556,0
1.7067609,0
1.7070947,0
1.7072707,0
1.7073493,0
1.707473,0
1.7075603,0
1.7076797,0
1.7077773,0
1.7079345,0
1.7080097,0
1.7080921,0
1.708405,0
1.7086114,0
1.7086731,0
1.7087146,0
1.7088583,0
1.7090334,0
1.7091897,0
1.709584,0
1.7097628,0
1.7098606,0
1.7098819,0
1.7100018,0
1.7111692,0
1.7115353,0
1.7117435,0
1.7122881,0
1.7123392,0
1.7124896,0
1.7125297,0
1.7128491,0
1.713197,0
1.713211,0
1.7133421,0
1.7134975,0
1.7135113,0
1.7137994,0
1.7143544,0
1.7144781,0
1.714713,0
1.7149981,0
1.7157563,0
1.7161081,0
1.7161465,0
1.7162931,0
1.7165234,0
1.7168185,0
1.7171729,0
1.7173433,0
1.7179031,0
1.7180452,0
1.7185818,0
1.7192899,0
1.7195405,0
1.7196753,0
1.7197584,0
1.719775,0
1.7202523,0
1.7202654,0
1.7208279,0
1.7211795,0
1.7212019,0
1.7217343,0
1.7218153,0
1.7222495,0
1.7223111,0
1.7223499,0
1.7223742,0
1.7226437,0
1.7231219,0
1.7234986,1
1.7235055,0
1.723535,0
1.7237034,0
1.7237121,0
1.7237582,0
1.7240239,0
1.724581,0
1.724701,0
1.7250073,0
1.7250501,0
1.7251635,0
1.7255745,0
1.7256594,0
1.7259238,0
1.7259946,0
1.7260653,0
1.7261516,0
1.7266217,0
1.726758,0
1.7268094,0
1.7270128,0
1.7279907,0
1.7285554,0
1.7290094,0
1.7290682,0
1.729112,0
1.7292225,0
1.7293216,0
1.72953,0
1.7298588,0
1.7304476,0
1.7306752,0
1.7307374,0
1.731001,0
1.7318048,0
1.7319388,0
1.7320757,0
1.7321702,0
1.7328249,0
1.7330315,0
1.7330409,0
1.7332243,0
1.7332871,0
1.7333076,0
1.7335246,0
1.7335383,0
1.7342294,0
1.734369,0
1.7347715,0
1.7347851,0
1.7348907,0
1.7349191,0
1.735095,0
1.7352769,0
1.7353666,0
1.7358186,0
1.735896,0
1.736152,0
1.7363073,0
1.736318,0
1.736963,0
1.7369964,0
1.7371902,0
1.737206,0
1.73728,0
1.737305,0
1.7376145,0
1.7376239,0
1.7377914,0
1.7378974,0
1.7390856,0
1.7392861,0
1.7393094,0
1.7393553,0
1.7395248,0
1.7405064,0
1.7406297,0
1.7407224,0
1.7409278,0
1.7410972,0
1.7413194,0
1.7413414,0
1.7413993,0
1.7415694,0
1.7417259,0
1.7417874,0
1.7420926,0
1.742193,0
1.7421968,0
1.7422903,0
1.7423128,0
1.742333,0
1.7426442,0
1.742811,0
1.7430062,0
1.7433276,0
1.7438769,0
1.7439287,0
1.7448931,0
1.7452133,0
1.7458351,0
1.7462864,0
1.7463164,0
1.7464621,0
1.7467201,0
1.7469405,0
1.7472732,0
1.7477429,0
1.7477479,0
1.747987,0
1.7482717,0
1.7488025,0
1.7488824,0
1.7488863,0
1.7491311,0
1.7491924,0
1.7493036,0
1.7495223,0
1.7495298,0
1.7495344,0
1.7499478,0
1.7500569,0
1.7502689,0
1.7504021,0
1.7504098,0
1.7508489,0
1.7510839,0
1.7514038,0
1.7514628,0
1.7517351,0
1.7520908,0
1.7527884,0
1.7531112,0
1.7533063,0
1.7540236,0
1.7540362,0
1.7540722,0
1.7541502,0
1.7542219,0
1.7542725,0
1.7542875,0
1.7546924,0
1.7547158,0
1.7549212,0
1.755037,0
1.7553593,0
1.7553947,0
1.7560042,0
1.7561111,0
1.7562547,0
1.756262,0
1.7570266,0
1.7570462,0
1.7572074,0
1.7573254,0
1.7574632,0
1.7579947,0
1.7579968,0
1.7586663,0
1.758894,0
1.758915,0
1.7592087,0
1.759338,0
1.7594895,0
1.7598258,0
1.7599269,0
1.760031,0
1.7601131,0
1.760416,0
1.7604268,0
1.7604735,0
1.7605616,0
1.7606139,1
1.7607913,0
1.7610167,0
1.7610844,0
1.7619696,0
1.7622613,0
1.7624371,0
1.7625465,0
1.7625519,0
1.762665,0
1.7628189,0
1.7630583,0
1.763181,0
1.7637156,0
1.7637391,0
1.7639112,0
1.764931,0
1.7653749,0
1.765404,0
1.765706,0
1.765767,0
1.7659746,0
1.7662821,0
1.7665827,0
1.767344,0
1.7677546,0
1.7680297,0
1.7682678,0
1.7683293,0
1.7687881,0
1.7691252,0
1.7692654,0
1.7693225,0
1.7696258,0
1.7696873,0
1.7697809,0
1.769788,0
1.7701488,0
1.770267,0
1.7704643,0
1.7705462,0
1.7705731,0
1.7706293,0
1.7706363,0
1.7708931,0
1.7709956,0
1.7710061,0
1.7711995,0
1.7714553,0
1.7714709,0
1.7715654,0
1.7715931,0
1.771713,0
1.7726806,0
1.7731185,0
1.7733203,0
1.7738867,0
1.77434,0
1.7744122,0
1.7747548,0
1.775022,0
1.7751365,0
1.7751675,0
1.7752619,0
1.7753551,0
1.7755263,0
1.7761439,0
1.7765212,0
1.7766573,0
1.7767854,0
1.7770331,0
1.7770578,0
1.7771591,0
1.7773396,0
1.7774804,0
1.7779613,0
1.7780149,0
1.7781985,0
1.7787235,0
1.7787833,0
1.7790333,0
1.7791959,0
1.7794042,0
1.7796057,0
1.7803053,0
1.780416,0
1.7808071,0
1.7808276,0
1.7815301,0
1.7818062,0
1.7825809,0
1.7826657,0
1.7829138,0
1.7829752,0
1.783187,0
1.7835752,0
1.7840753,0
1.785316,0
1.785502,0
1.7857918,0
1.7858602,0
1.7858632,0
1.785955,0
1.7861588,0
1.7862412,0
1.7866046,0
1.7868246,0
1.7869716,0
1.7870178,0
1.7871963,0
1.7872243,0
1.7876323,0
1.787722,0
1.787823,0
1.7881958,0
1.7884002,0
1.7888473,0
1.7888978,0
1.7889402,0
1.7890198,0
1.7891558,1
1.7894121,0
1.789499,0
1.7898622,0
1.7903327,0
1.790354,0
1.7904916,0
1.790524,0
1.7907194,0
1.790771,0
1.7909175,0
1.7910118,0
1.7911674,0
1.7915766,0
1.7916229,0
1.7919488,0
1.7919698,0
1.7920661,0
1.792464,0
1.792604,0
1.7927246,0
1.7929399,0
1.7929606,0
1.7929924,0
1.793102,1
1.7933142,0
1.7934883,0
1.7938492,0
1.7938645,0
1.7939265,0
1.7939589,0
1.794062,0
1.7944291,0
1.7945726,0
1.7947853,0
1.7948755,0
1.794878,0
1.7949859,0
1.795037,0
1.7956281,0
1.7957805,0
1.7962178,0
1.7965642,0
1.7965693,0
1.7974167,0
1.7975154,0
1.7976002,0
1.7976121,0
1.7980607,0
1.7981094,0
1.7981193,0
1.7982835,0
1.7984045,0
1.7986119,0
1.7987947,0
1.7988372,0
1.7989984,0
1.7994819,0
1.8001394,0
1.8002157,0
1.8002645,0
1.8006394,0
1.800651,0
1.8010347,0
1.8010808,0
1.8011429,0
1.8012593,0
1.8012689,0
1.8013041,0
1.801373,0
1.8016067,0
1.8021266,0
1.8021333,0
1.8023438,0
1.8025448,0
1.8026044,0
1.8027297,0
1.8027505,0
1.8028063,0
1.8030257,0
1.8037091,0
1.803715,0
1.803957,0
1.8043003,0
1.8045405,0
1.8046409,0
1.8051999,0
1.8053799,0
1.8055085,0
1.8055738,0
1.8064679,0
1.8066525,0
1.8070188,0
1.8071542,0
1.8074625,0
1.8074839,0
1.8076946,0
1.8078378,0
1.8080595,0
1.8082703,0
1.8085572,0
1.808752,0
1.8091056,0
1.8094378,0
1.809468,0
1.8098112,0
1.8098476,0
1.8100107,0
1.8101935,0
1.8102871,0
1.8107343,0
1.8107958,0
1.8108385,0
1.8110292,0
1.8111018,0
1.8113548,0
1.8115044,0
1.811512,0
1.8116766,0
1.8116796,1
1.8119115,0
1.8120992,0
1.812278,0
1.8124642,0
1.8126554,0
1.8130074,0
1.8131425,0
1.8132085,0
1.8136547,0
1.8138252,0
1.8139259,0
1.8142517,0
1.8149246,0
1.8149772,0
1.8149898,0
1.8154075,0
1.81623,0
1.8165556,0
1.816635,0
1.8171043,0
1.8173406,0
1.8173419,0
1.8173925,0
1.8180609,0
1.8181181,0
1.8182294,0
1.8183572,0
1.8184972,0
1.8187423,0
1.8190067,0
1.8191053,0
1.819212,0
1.8197749,0
1.8200659,0
1.8203423,0
1.8204144,0
1.8205444,0
1.8209492,0
1.820958,0
1.8215258,0
1.8216859,0
1.8218822,0
1.8218944,0
1.8221779,0
1.8226931,0
1.8232087,0
1.8232207,0
1.8232485,0
1.8233415,0
1.8234477,0
1.8236616,0
1.8241181,0
1.8242638,0
1.8243188,0
1.8243401,0
1.824419,0
1.8248644,0
1.8249012,0
1.8254285,0
1.8257723,0
1.8259223,0
1.8261428,0
1.8262162,0
1.826272,0
1.8264403,0
1.8266602,0
1.8267267,0
1.8268468,0
1.8271358,0
1.8274072,0
1.8275223,0
1.8275576,0
1.8277037,0
1.827805,0
1.8279521,0
1.8280469,0
1.8284458,0
1.8286788,0
1.8287551,0
1.8288496,0
1.828974,0
1.8293133,0
1.8298236,0
1.8298534,0
1.8298931,0
1.829901,0
1.8300936,0
1.8304529,0
1.8304906,0
1.8306512,0
1.8307619,0
1.8307748,0
1.8309622,0
1.8316538,0
1.8318912,0
1.8321733,0
1.832529,0
1.832793,0
1.8328818,0
1.8329093,0
1.8334405,0
1.8338139,0
1.8340127,0
1.8345275,0
1.834636,0
1.834999,0
1.8350505,0
1.8351749,0
1.8351902,0
1.8353761,0
1.8356074,0
1.8356156,0
1.8357455,0
1.8357575,0
1.8357834,0
1.8361806,0
1.8362305,0
1.8364762,0
1.8367246,0
1.8371015,0
1.8371575,0
1.8374326,0
1.8376117,0
1.8376331,0
1.8377111,0
1.837998,0
1.8380134,0
1.8386667,0
1.8390303,0
1.8391937,0
1.8395965,0
1.8396055,0
1.8397241,0
1.8398612,0
1.8399513,0
1.840119,0
1.8406898,0
1.841086,0
1.8414029,0
1.8414142,0
1.8416156,0
1.8418342,0
1.8418634,0
1.8424232,0
1.842546,0
1.8429232,0
1.8430929,0
1.8435776,0
1.84374,0
1.843902,0
1.8439864,0
1.8444848,0
1.8449578,0
1.845366,0
1.8455448,0
1.8458376,0
1.8458624,0
1.8458648,0
1.8460011,0
1.8460068,0
1.8460326,0
1.8461746,0
1.8463962,0
1.8464954,1
1.8465955,0
1.8468854,0
1.8469977,0
1.847715,0
1.8480525,0
1.8485347,0
1.8486979,0
1.8488439,0
1.8491294,0
1.8500519,0
1.8509535,0
1.8510208,0
1.8513262,0
1.8513894,0
1.8516033,0
1.8518134,0
1.8519101,0
1.8519294,0
1.8522737,0
1.8524119,0
1.8526088,0
1.8537927,0
1.8539362,0
1.854017,1
1.8540993,0
1.8546684,1
1.854974,0
1.8549973,0
1.8549986,0
1.855082,0
1.8555771,0
1.8558594,0
1.8558748,0
1.8564458,0
1.8568316,0
1.8570452,0
1.8578143,0
1.8580555,0
1.858549,0
1.859005,0
1.8591098,0
1.8593851,0
1.8594877,0
1.859732,0
1.8598891,0
1.8599076,0
1.8600253,0
1.8601546,0
1.8603079,0
1.860652,0
1.8609749,0
1.8610532,0
1.8611497,0
1.8613818,0
1.8616582,0
1.8618295,0
1.861852,0
1.8619586,0
1.8622224,0
1.8627313,0
1.8628719,0
1.8632063,0
1.8637565,0
1.8638117,0
1.8640077,0
1.8640485,0
1.8642484,0
1.8647919,0
1.8649012,0
1.8654327,0
1.8659153,0
1.8660343,0
1.8660433,0
1.8661106,0
1.8665004,0
1.8678092,0
1.8678925,0
1.8679678,0
1.8689927,0
1.8695587,0
1.8702686,0
1.8703535,0
1.8705928,0
1.8710635,0
1.8720033,0
1.8722659,0
1.872282,0
1.8723176,0
1.8729196,0
1.87337,0
1.8737994,0
1.873811,0
1.8738245,0
1.8738539,0
1.8739802,0
1.8740852,0
1.8740935,0
1.8742397,0
1.8742746,0
1.8748112,0
1.8749378,0
1.875057,0
1.8750823,0
1.875521,0
1.8755624,0
1.8763719,0
1.8764275,0
1.8764366,0
1.8766078,0
1.8770057,0
1.8772686,0
1.8773308,0
1.8773428,0
1.8774714,0
1.8781828,0
1.8783836,0
1.8785828,0
1.8786188,0
1.8790107,0
1.8791634,0
1.879191,0
1.8798366,0
1.8800198,0
1.88048,0
1.8805338,0
1.8807874,0
1.8808222,0
1.8810542,0
1.8816282,0
1.8817551,0
1.881952,0
1.8827925,0
1.8829142,0
1.8829408,0
1.8831594,0
1.8832748,0
1.8837214,0
1.8837237,0
1.883968,0
1.8841377,0
1.8849008,0
1.8849423,0
1.8851218,0
1.8853525,0
1.8856918,0
1.8857368,0
1.8858128,0
1.8858325,0
1.8862785,0
1.8864863,0
1.8870397,0
1.887332,0
1.8879056,0
1.8880373,0
1.8880699,0
1.8883617,0
1.8885014,0
1.8885852,0
1.8887815,0
1.8888776,0
1.8889848,0
1.8890697,0
1.8891153,0
1.8894742,0
1.8895242,0
1.8895298,0
1.8898051,0
1.8898548,0
1.8899437,0
1.8899463,0
1.8900822,0
1.8901927,0
1.8904175,0
1.8906199,0
1.8913031,0
1.8913212,0
1.891941,0
1.8920221,0
1.8927853,0
1.8933256,0
1.8933421,0
1.8936852,0
1.8945732,0
1.8947775,0
1.8947796,0
1.8948381,0
1.8948642,0
1.8948884,0
1.8952714,0
1.8955314,0
1.8958089,0
1.8958492,0
1.8959783,0
1.8962666,0
1.8963515,0
1.8965195,0
1.896549,0
1.8968989,0
1.8970077,0
1.8976939,0
1.897815,1
1.8980932,0
1.8982943,0
1.8988297,0
1.8994594,0
1.899513,0
1.9000758,0
1.9002023,0
1.9002677,0
1.9007337,0
1.9008236,0
1.9009188,0
1.9011588,0
1.9019392,0
1.9022411,0
1.9022896,0
1.9022998,0
1.902703,0
1.9032134,0
1.9038597,0
1.9040304,0
1.9041457,0
1.9048896,0
1.9057965,0
1.9059907,0
1.9060131,0
1.9065742,0
1.9070451,0
1.9074471,0
1.9076043,0
1.9083464,0
1.9088873,0
1.9092661,0
1.9093521,0
1.9099041,0
1.9099107,0
1.9099375,0
1.9099667,0
1.9099983,1
1.9102623,0
1.910517,0
1.9106224,0
1.9113652,0
1.9115462,0
1.911561,0
1.9120296,0
1.9122636,0
1.9125849,0
1.9127018,0
1.9127083,0
1.9127755,0
1.9137943,0
1.9138608,0
1.9144233,0
1.9144611,0
1.9144741,0
1.9147215,0
1.9147725,0
1.9148107,0
1.9150877,0
1.9151069,0
1.915165,0
1.9155993,0
1.916037,0
1.9161783,0
1.9172001,0
1.9174321,1
1.9176321,0
1.9177792,0
1.9179403,0
1.9182544,0
1.9185977,0
1.9189799,0
1.9190542,0
1.919385,0
1.9196343,0
1.919688,0
1.9208415,0
1.9209039,0
1.9213691,0
1.9215603,0
1.9216304,0
1.9218113,0
1.921833,0
1.9220796,0
1.922282,0
1.9224656,0
1.9225519,0
1.9230162,0
1.9235628,0
1.9237201,0
1.9237933,0
1.9241142,0
1.9245298,0
1.9256432,0
1.9257778,0
1.9259429,0
1.9260378,0
1.9265261,0
1.9265339,0
1.926576,0
1.926656,0
1.9274879,0
1.9274988,0
1.9277084,0
1.9277662,0
1.9278926,0
1.92819,0
1.928201,0
1.9286137,0
1.928626,0
1.9289972,0
1.9292388,0
1.9292948,0
1.9294567,0
1.929955,0
1.9301213,0
1.9301493,0
1.9302976,0
1.9307139,0
1.930771,0
1.9311175,0
1.9313836,0
1.9320493,0
1.9320989,0
1.932239,0
1.9328483,0
1.933647,0
1.9339619,0
1.9347332,0
1.934959,0
1.9351829,0
1.9360098,0
1.9361746,0
1.9370687,0
1.9375355,0
1.9378071,0
1.93823,0
1.9390755,0
1.9396927,0
1.9397905,0
1.9398805,0
1.940396,0
1.9406066,0
1.9406536,0
1.9413654,0
1.9415643,0
1.9418244,0
1.9419646,0
1.942402,0
1.9425693,0
1.9426174,0
1.9426631,0
1.9427264,0
1.9427811,0
1.9429457,0
1.943285,0
1.9433908,0
1.9434392,0
1.9435441,0
1.9444456,0
1.9445007,0
1.94461,0
1.9458007,0
1.946198,0
1.9463966,0
1.9463999,0
1.9464042,0
1.9465573,0
1.9466898,0
1.9467344,0
1.9467618,0
1.9469416,0
1.9471233,0
1.9472942,0
1.9476233,0
1.9481533,0
1.9482481,0
1.9483124,0
1.9490964,0
1.9492183,0
1.9493363,0
1.9499056,0
1.9506371,0
1.9512808,0
1.9515202,0
1.9517689,0
1.9518661,0
1.9532356,0
1.9535998,0
1.9539328,0
1.9541092,0
1.954196,0
1.9550308,0
1.955041,0
1.9555596,0
1.9555914,0
1.9557532,0
1.9560728,0
1.9565178,0
1.9565396,0
1.9572262,0
1.957732,0
1.9581221,0
1.9583416,0
1.9590793,0
1.9593178,0
1.9593518,0
1.9594274,0
1.9598442,0
1.9599444,0
1.9602259,0
1.9613146,0
1.961457,0
1.9621166,0
1.9629614,0
1.9630579,0
1.9631728,0
1.9633008,0
1.9634967,0
1.9640031,0
1.9640523,0
1.9648964,0
1.9649787,0
1.9650456,0
1.9653249,0
1.9654863,0
1.9657714,0
1.9659683,0
1.9660094,0
1.9664017,0
1.9667985,0
1.9669788,0
1.9671767,0
1.9671973,0
1.9675157,0
1.9678192,0
1.9679108,0
1.9679983,0
1.9682435,0
1.9684582,0
1.9685737,0
1.9685869,0
1.9686675,0
1.968827,0
1.9689426,0
1.9694157,0
1.9698356,0
1.9702295,0
1.9703306,0
1.9707844,0
1.9712188,0
1.9713261,0
1.971705,0
1.97249,0
1.973146,0
1.9733833,0
1.9743891,0
1.9745264,0
1.9745739,0
1.9748235,0
1.9751843,0
1.9751887,0
1.975975,0
1.9760253,0
1.976083,0
1.9765646,0
1.9768426,0
1.9768783,0
1.9771504,0
1.9775565,0
1.9778467,0
1.9779263,0
1.9783376,0
1.9783777,0
1.9785162,0
1.9787848,0
1.9788632,0
1.9789034,0
1.9789575,0
1.9790206,0
1.9790673,0
1.9792261,0
1.9794936,0
1.9798307,0
1.9802072,0
1.9802109,0
1.9803158,0
1.9804953,0
1.9811175,0
1.9811987,0
1.9816558,0
1.9816571,0
1.9817917,1
1.9818012,0
1.9818187,0
1.9818275,0
1.9822013,0
1.9824438,0
1.983228,0
1.9832704,0
1.9840395,0
1.984294,0
1.9842976,0
1.9844474,0
1.9844664,0
1.9845388,0
1.9846184,0
1.9864951,0
1.98686,0
1.9869088,0
1.9874322,0
1.9876413,0
1.9880637,0
1.988349,0
1.9885076,0
1.9886086,0
1.9888802,0
1.9893348,0
1.9894395,0
1.9895172,0
1.9896986,0
1.9897147,0
1.9900076,0
1.9901171,0
1.9908582,0
1.9908667,0
1.9908988,0
1.9910257,0
1.9911121,0
1.9915386,0
1.9917126,0
1.9924151,0
1.9928846,0
1.9929088,0
1.9929701,0
1.9930171,0
1.9932199,0
1.9932241,0
1.9932306,0
1.9932588,0
1.9935557,0
1.9941934,0
1.9945283,0
1.9950955,0
1.9955231,0
1.9958339,0
1.9958341,0
1.9960029,0
1.9960147,0
1.9964904,0
1.9966595,0
1.9967251,0
1.9968946,0
1.9971893,0
1.9972966,0
1.9976811,0
1.9977466,0
1.9981174,0
1.9981835,0
1.9983238,0
1.9985569,0
1.9988554,0
1.9989173,0
1.999589,0
2.0001142,0
2.0007205,0
2.0009565,0
2.0011566,0
2.0014825,0
2.0015867,0
2.0017004,0
2.002389,0
2.002709,0
2.0027308,0
2.0027642,0
2.0028353,0
2.0029733,0
2.0030184,0
2.0031712,0
2.0032136,0
2.0035372,0
2.0036855,0
2.0038745,0
2.0039177,0
2.004241,0
2.0050223,0
2.0055356,0
2.0055685,0
2.0057378,0
2.0061998,0
2.0075064,0
2.0077639,0
2.0078292,0
2.0081935,0
2.0082483,0
2.00841,0
2.0086486,0
2.0091286,0
2.009546,0
2.0097394,0
2.0099275,0
2.0101342,0
2.0106761,0
2.0108874,0
2.0112865,0
2.0113883,0
2.0116298,0
2.0117345,0
2.0125403,0
2.012563,0
2.012674,0
2.0127656,0
2.0128467,0
2.0137866,0
2.013876,0
2.0141118,0
2.0146472,0
2.0148118,0
2.0149145,0
2.0156891,0
2.015721,0
2.0161855,0
2.016537,0
2.017059,0
2.018259,0
2.018363,0
2.0183794,0
2.0185366,0
2.018746,0
2.0187745,0
2.0188658,0
2.0192947,0
2.0194905,0
2.0197968,0
2.0199335,0
2.0202918,1
2.0208557,0
2.0210211,0
2.0210626,0
2.0211277,0
2.0212345,0
2.0214787,0
2.0220094,0
2.0222435,0
2.0223548,0
2.0223641,0
2.0224054,0
2.0227356,0
2.0227401,0
2.0228662,0
2.0228665,0
2.023023,0
2.0235727,0
2.023646,0
2.0237765,0
2.0240636,0
2.0241528,0
2.02436,0
2.0248833,0
2.0251803,0
2.025606,0
2.0260403,0
2.0268726,0
2.027019,0
2.027219,0
2.0276022,0
2.027632,0
2.027804,0
2.0278435,0
2.0280676,0
2.028489,0
2.0287528,0
2.0294204,0
2.0303144,0
2.0311506,0
2.0311584,0
2.0312052,0
2.031297,0
2.0313082,0
2.031456,0
2.0320697,0
2.0321825,0
2.0326326,0
2.0327919,0
2.0333195,0
2.0333345,0
2.0335438,0
2.0346575,0
2.0347328,0
2.0347939,0
2.034911,0
2.03495,0
2.0350304,0
2.0358305,0
2.0359066,1
2.036478,0
2.0365527,0
2.0378346,0
2.0383706,0
2.038633,0
2.0386448,0
2.0387352,0
2.0389583,0
2.0393174,0
2.0397425,0
2.0398126,0
2.040066,0
2.0403976,0
2.040466,0
2.0406907,0
2.0410113,0
2.0416222,0
2.0417469,0
2.0418348,0
2.0418756,0
2.0420473,0
2.0425117,0
2.042596,0
2.0426247,0
2.0431223,0
2.043197,0
2.0432587,0
2.0439107,0
2.0446148,0
2.0447097,0
2.0457726,0
2.0458078,0
2.0459437,0
2.0465508,0
2.0468688,0
2.0470748,0
2.0473478,0
2.0475078,0
2.0480938,0
2.0484924,0
2.0485673,0
2.0489457,0
2.0497308,0
2.0509052,0
2.0516515,0
2.051867,0
2.0524669,0
2.0525603,0
2.052662,0
2.0526664,0
2.0530608,0
2.0534618,0
2.0537207,1
2.053809,0
2.0541968,0
2.0542412,0
2.0544891,0
2.0546975,0
2.0547488,0
2.0549822,0
2.0550373,0
2.0552118,0
2.055366,0
2.0555413,0
2.055647,0
2.056226,0
2.056433,0
2.056583,0
2.057304,0
2.0579598,0
2.0586677,0
2.0590146,0
2.0593293,0
2.0593717,0
2.059719,0
2.0599813,0
2.0601432,0
2.06023,0
2.060263,0
2.0609221,1
2.0613475,0
2.061783,0
2.0619423,0
2.062086,0
2.06257,0
2.0626383,0
2.06282,1
2.0633414,0
2.0635173,0
2.0636604,0
2.0636828,0
2.0638673,0
2.064203,0
2.0642054,0
2.0644495,0
2.065185,0
2.0651953,0
2.0654366,0
2.0671191,0
2.0674531,0
2.0677595,0
2.0680194,0
2.068321,0
2.0691953,0
2.069766,0
2.0701904,0
2.07031,0
2.0703359,0
2.070699,0
2.0707562,0
2.0707614,0
2.0710316,0
2.0712008,0
2.071653,0
2.0719223,0
2.0720177,0
2.072275,0
2.0726123,0
2.072956,0
2.074803,0
2.0749347,0
2.075827,0
2.0760689,0
2.0761073,0
2.0761476,0
2.0762265,0
2.0763483,0
2.0770307,0
2.077469,0
2.0780027,0
2.0784082,0
2.0788422,0
2.0788598,0
2.0790787,0
2.0793133,0
2.079412,0
2.0797431,0
2.0798476,0
2.0800576,0
2.080714,0
2.0808916,0
2.081063,0
2.0821772,0
2.0823345,0
2.0837097,0
2.083952,0
2.0847392,0
2.0848374,0
2.0849833,0
2.0851107,0
2.0852408,0
2.0855584,0
2.0857587,0
2.0863092,0
2.0863693,0
2.0864148,0
2.0865316,0
2.086538,0
2.0868192,0
2.0869644,0
2.0877485,0
2.0880213,0
2.0883565,0
2.0885909,0
2.0887992,0
2.0888958,0
2.0892355,0
2.090027,0
2.0900548,0
2.090169,0
2.0903044,0
2.0903242,0
2.0903513,0
2.0912273,0
2.0914624,0
2.0916028,0
2.0918524,0
2.0921695,0
2.092798,0
2.0928419,0
2.093642,0
2.0938952,0
2.0940282,0
2.094708,0
2.0954206,0
2.0964658,0
2.0965922,0
2.0972085,0
2.0987532,0
2.0989752,0
2.098999,0
2.0990696,0
2.0991635,0
2.0991998,0
2.0996368,0
2.099858,0
2.0999477,0
2.1002092,0
2.1002479,0
2.100529,0
2.1007452,0
2.101222,0
2.1015813,0
2.1017606,0
2.1018422,0
2.1021392,0
2.1023436,0
2.102629,0
2.1029818,0
2.103178,0
2.1036186,0
2.1038144,0
2.1041358,0
2.1041677,0
2.1042237,0
2.1044087,0
2.1045625,0
2.1048398,0
2.1051655,0
2.1052403,0
2.1053677,0
2.105411,0
2.1056714,0
2.1068,0
2.1069243,0
2.107044,0
2.107222,0
2.1075563,0
2.107568,0
2.1077833,0
2.1086314,0
2.1087809,0
2.1087918,0
2.108834,0
2.1094816,0
2.1101644,0
2.1102355,0
2.1103806,0
2.110774,0
2.1111321,0
2.111288,0
2.1113832,0
2.1114295,1
2.1116285,0
2.111788,0
2.1118453,0
2.1121755,0
2.1122484,0
2.1122816,0
2.1125436,0
2.1130943,0
2.113304,0
2.1133745,0
2.11339,0
2.1138003,0
2.1139665,0
2.114213,0
2.114377,0
2.1146505,0
2.115561,0
2.1156402,0
2.1158361,0
2.116172,0
2.1162362,0
2.1165433,0
2.1166713,0
2.117394,0
2.1175816,0
2.1182098,0
2.1189651,0
2.1193972,0
2.121197,0
2.121602,0
2.1219344,0
2.12214,0
2.122141,0
2.122532,0
2.1229153,0
2.1235235,0
2.1236546,0
2.123814,0
2.1238804,0
2.1239555,0
2.1243095,0
2.1263363,0
2.1266618,0
2.1267653,0
2.1272025,0
2.1275656,0
2.1277308,0
2.1279666,0
2.127969,0
2.1283312,0
2.129995,0
2.1308274,0
2.131094,0
2.131793,0
2.1319366,0
2.1321776,0
2.1323428,0
2.1329522,0
2.1329637,0
2.132995,0
2.1332202,0
2.1335306,0
2.1346126,0
2.1346953,0
2.135762,0
2.1360717,0
2.1362877,0
2.1370337,0
2.1374624,0
2.138567,0
2.138854,0
2.139064,0
2.1391463,0
2.139386,0
2.1393907,0
2.1399739,0
2.140016,0
2.1409006,0
2.1410472,0
2.1414866,0
2.1416533,1
2.143499,0
2.1441493,0
2.144168,0
2.1443682,0
2.1444056,0
2.1451278,0
2.1452224,0
2.1452236,0
2.1453416,0
2.1454701,0
2.1466541,0
2.146838,0
2.1469042,0
2.146931,0
2.1469789,0
2.1471376,0
2.1475286,0
2.1475537,0
2.1476502,0
2.147702,0
2.1477365,0
2.1477938,0
2.1478975,0
2.148108,0
2.1482756,0
2.1508958,0
2.1511507,0
2.1511862,0
2.151686,0
2.1517236,0
2.1522033,0
2.152221,0
2.1523268,0
2.1523712,0
2.1529515,0
2.1536877,0
2.1539323,0
2.1541219,0
2.154676,0
2.1548953,0
2.1551135,0
2.1553469,0
2.1556358,0
2.155944,0
2.155956,0
2.1559978,0
2.1562772,0
2.1562989,0
2.1568224,0
2.1577702,0
2.1585596,0
2.158841,0
2.158876,0
2.159,0
2.1594803,0
2.1597176,0
2.1603591,0
2.1605613,0
2.1610374,0
2.1611776,0
2.1613278,0
2.1621313,0
2.1622386,0
2.1625276,0
2.1625414,0
2.1625566,0
2.1625896,0
2.1629133,0
2.1633344,0
2.1634393,0
2.163796,0
2.163893,0
2.1643884,0
2.1644285,0
2.1645114,0
2.1645522,0
2.1649985,0
2.165682,0
2.1660476,0
2.1661263,0
2.16628,0
2.166304,0
2.166387,0
2.1664205,0
2.1670728,0
2.1673265,0
2.1675162,0
2.1680536,0
2.168372,0
2.168757,0
2.169358,0
2.1703713,0
2.1709416,0
2.171048,0
2.1713386,0
2.1718316,0
2.1720173,0
2.1733732,0
2.1739619,0
2.1748025,0
2.1748297,0
2.1749835,0
2.175023,0
2.1752627,0
2.1754706,0
2.175519,0
2.1755395,0
2.1755512,0
2.1761413,0
2.176146,0
2.1766179,0
2.1769013,0
2.1769106,0
2.177276,0
2.1776733,0
2.1778202,0
2.1779428,0
2.1784286,0
2.1786647,0
2.1787915,0
2.1788983,0
2.1789036,0
2.179005,0
2.1794832,0
2.1794853,0
2.179502,0
2.1804206,0
2.180462,0
2.180826,0
2.1817105,0
2.1818287,0
2.182066,0
2.1825767,0
2.1829634,0
2.1832345,0
2.184554,0
2.1850898,0
2.1853733,0
2.1863713,0
2.1864,0
2.1864955,0
2.1866791,0
2.186816,0
2.1872783,0
2.1875308,0
2.1878633,0
2.1886864,0
2.1889207,0
2.1890001,0
2.189268,0
2.1893349,0
2.1894748,0
2.1896515,0
2.1900885,0
2.1904716,0
2.1907437,0
2.1911511,0
2.1912494,0
2.1912627,0
2.1915145,0
2.1917121,0
2.1919906,0
2.192213,0
2.1930358,0
2.1931436,0
2.194211,0
2.194419,0
2.1944492,0
2.1949604,0
2.1954043,0
2.1957242,0
2.1960368,0
2.1961448,0
2.196436,0
2.1966102,0
2.1968293,0
2.1971478,0
2.1973934,0
2.1979098,1
2.1979206,0
2.1981037,0
2.1985612,0
2.198776,0
2.1988642,0
2.19898,0
2.1990805,0
2.1995325,0
2.1996057,0
2.200694,0
2.200956,0
2.201261,0
2.202534,0
2.2032807,0
2.203389,0
2.203669,0
2.2043366,0
2.2047405,0
2.2049804,0
2.205017,0
2.2050438,0
2.2051346,0
2.20538,0
2.205392,0
2.2062125,0
2.2070465,0
2.207198,0
2.2072618,0
2.207703,0
2.2077508,0
2.2084253,0
2.2089531,0
2.209065,0
2.2092762,0
2.20946,0
2.2096615,0
2.2099252,0
2.2100258,0
2.2103732,0
2.2107627,0
2.211244,0
2.2121737,0
2.2131362,0
2.2132359,0
2.2132392,0
2.2132592,0
2.2138746,0
2.2140508,0
2.2140677,0
2.214276,0
2.2143767,0
2.214541,0
2.21457,0
2.2145839,0
2.2149613,0
2.2151356,0
2.2161484,0
2.21638,0
2.2164218,0
2.2178621,0
2.2179255,0
2.2181752,0
2.218386,0
2.2191744,0
2.2192135,0
2.2193294,0
2.2194579,0
2.2196083,0
2.2196207,0
2.219829,0
2.2198565,0
2.2198617,0
2.2202659,0
2.22037,0
2.2204928,0
2.2207139,0
2.221556,0
2.2219,0
2.222056,0
2.222467,0
2.222556,0
2.2229533,0
2.2233365,0
2.223751,0
2.2237728,0
2.224014,0
2.224261,0
2.2243443,0
2.2244577,0
2.225888,0
2.2259517,0
2.226318,0
2.226347,0
2.2263937,0
2.2265036,0
2.2272892,0
2.2281191,0
2.228206,0
2.2284806,0
2.22926,0
2.2296336,0
2.230011,0
2.2301621,0
2.230394,0
2.2308218,0
2.2309065,0
2.2310138,0
2.231952,0
2.2319536,0
2.2321115,0
2.232331,0
2.2325292,0
2.2325518,0
2.2326646,0
2.2327037,0
2.2327726,0
2.233432,0
2.2334628,0
2.2339075,0
2.235059,0
2.2352068,0
2.235423,0
2.2360487,0
2.2364035,0
2.236944,0
2.237022,0
2.2371545,0
2.2374334,0
2.2376723,0
2.2377481,0
2.23833,0
2.2386656,0
2.2387547,0
2.238877,0
2.239046,0
2.23912,0
2.2397623,0
2.240997,0
2.241096,0
2.242889,0
2.2430124,0
2.2430868,0
2.2432673,0
2.2435086,0
2.2435708,0
2.2441475,0
2.2447214,0
2.2447345,0
2.245313,0
2.2456067,0
2.245697,0
2.247904,0
2.2482018,0
2.2489614,0
2.2490678,0
2.2493815,0
2.250333,0
2.2504718,0
2.2504902,0
2.2506537,0
2.251109,0
2.251324,0
2.251739,0
2.252493,0
2.2533345,0
2.2537527,0
2.2540045,0
2.2548108,0
2.2548223,0
2.2559123,0
2.2559695,0
2.256181,0
2.2564259,0
2.2567625,0
2.2568414,0
2.2568676,0
2.257932,0
2.258048,0
2.2583437,0
2.258462,0
2.258472,0
2.2585208,0
2.258778,0
2.258829,0
2.2589085,0
2.259036,0
2.2591317,0
2.2591858,0
2.260958,0
2.2612288,0
2.2618427,0
2.2618837,0
2.26193,0
2.2620869,0
2.2621672,0
2.2622247,0
2.2624943,0
2.2626362,0
2.2627575,0
2.2629306,0
2.2637405,0
2.263983,0
2.2640133,0
2.2646694,0
2.2659504,0
2.2663434,0
2.2666326,0
2.2666526,0
2.2669299,0
2.266961,0
2.2671895,0
2.2672405,0
2.2678068,0
2.267896,0
2.268279,0
2.2684243,0
2.2688394,0
2.2688696,0
2.2689638,0
2.2698734,0
2.2705157,0
2.2711422,0
2.2716265,0
2.2719598,0
2.271983,0
2.2722225,0
2.272438,0
2.2727525,0
2.2730198,0
2.2731323,0
2.2733088,0
2.2735524,0
2.2737622,0
2.273778,0
2.2740088,0
2.2741625,0
2.274522,0
2.2747364,0
2.2757976,0
2.2758212,0
2.2759662,0
2.2760909,0
2.2761354,0
2.2762609,0
2.2765677,0
2.2765765,0
2.2767267,0
2.2768404,0
2.2768502,0
2.2768517,0
2.277536,0
2.2775445,0
2.2777653,0
2.2783234,0
2.2784789,0
2.2787209,0
2.2789655,0
2.27914,0
2.2795558,0
2.2796102,0
2.2798138,0
2.2801313,0
2.2801394,0
2.2806344,0
2.280902,0
2.281406,0
2.2821198,0
2.2824547,0
2.282796,0
2.2838602,0
2.284084,0
2.2849236,0
2.2849452,0
2.2849615,0
2.2850518,0
2.2850904,0
2.2855744,0
2.286499,0
2.2870717,0
2.2872543,0
2.2874684,0
2.2879233,0
2.2879252,0
2.2879946,0
2.288962,0
2.2890584,0
2.289314,0
2.2894077,0
2.2895424,0
2.289929,0
2.2903922,0
2.2904367,0
2.2907395,0
2.2911239,0
2.2913387,0
2.292231,0
2.2924693,0
2.2926614,0
2.2930224,0
2.2933404,0
2.2948823,0
2.2951157,0
2.2955027,0
2.2960832,0
2.2963412,0
2.296556,0
2.2972503,0
2.298249,0
2.2986674,0
2.299011,0
2.2996123,0
2.2999272,0
2.3,0
2.301532,0
2.3015504,0
2.3016522,0
2.301663,0
2.301889,0
2.3022003,0
2.302452,0
2.3033926,0
2.3034468,0
2.3043723,0
2.3044174,0
2.3054934,0
2.305502,0
2.3057685,0
2.3076708,0
2.3077323,0
2.3077822,0
2.3081155,0
2.308398,0
2.308495,0
2.3087118,0
2.3087535,0
2.308814,1
2.309179,0
2.3100317,0
2.310241,0
2.3102932,0
2.3104947,0
2.3106422,0
2.3110685,0
2.3123407,0
2.3130178,0
2.313276,0
2.3133736,0
2.3135781,0
2.3140852,0
2.3141866,0
2.3142183,0
2.3155818,0
2.315615,0
2.315699,0
2.3165736,0
2.316802,0
2.3169909,0
2.3171773,0
2.3172848,0
2.3173106,0
2.3174248,0
2.3182838,0
2.3186932,0
2.3190193,0
2.3194606,0
2.319885,0
2.320502,0
2.320573,0
2.3209186,0
2.3210247,0
2.3214386,0
2.321514,0
2.3231404,0
2.323432,0
2.3235388,0
2.3245578,0
2.3245873,0
2.3247259,0
2.3248992,0
2.3252296,0
2.3258116,0
2.3259969,0
2.327618,0
2.3286462,0
2.3291702,0
2.3298802,0
2.3306477,0
2.3308413,0
2.3312273,0
2.331366,0
2.3323116,0
2.332806,0
2.3330617,0
2.3332376,0
2.3338306,0
2.3350008,0
2.3357785,0
2.3358366,0
2.3367066,0
2.3369486,0
2.3373454,0
2.3376307,0
2.3379378,0
2.3379524,0
2.3379986,0
2.3389676,0
2.3396044,0
2.3396578,0
2.340074,0
2.3404596,0
2.340512,0
2.3407817,0
2.3408353,0
2.3411007,0
2.3413124,0
2.3413491,0
2.341389,0
2.3418412,0
2.3419464,0
2.3422089,0
2.3424428,0
2.3426614,0
2.3427649,0
2.3428092,0
2.3433115,0
2.343634,0
2.3445039,0
2.3447692,1
2.3452485,0
2.3453295,0
2.3458033,0
2.3461194,0
2.3477962,0
2.3479362,0
2.3484793,0
2.349317,0
2.3493218,0
2.3495927,0
2.3503127,0
2.3503385,0
2.3504777,0
2.3505926,0
2.3517642,0
2.3524613,0
2.3531852,0
2.3535728,0
2.3538103,0
2.3538232,0
2.3540797,0
2.3549545,0
2.3553312,0
2.3563395,0
2.3564105,0
2.3572695,0
2.3573444,0
2.357525,0
2.3576028,0
2.358127,0
2.3584235,0
2.3585045,0
2.3585706,0
2.3586802,0
2.3592267,0
2.3593514,0
2.3606477,0
2.3610094,0
2.3614426,0
2.3616312,0
2.3616457,0
2.3617942,0
2.361919,0
2.3619945,0
2.3625083,0
2.362995,0
2.3630319,0
2.3636272,0
2.363775,0
2.3641315,0
2.3644013,0
2.3647902,0
2.3655052,0
2.366841,0
2.3671505,0
2.367168,0
2.3698802,0
2.370212,0
2.370708,0
2.371258,0
2.371516,0
2.3717437,0
2.372243,0
2.3722768,0
2.3733528,0
2.373664,0
2.3736813,0
2.3736978,0
2.3750644,0
2.375538,0
2.375589,0
2.376285,0
2.3766835,0
2.3771389,0
2.3772898,0
2.3773637,0
2.3779974,0
2.3784146,0
2.3784888,0
2.379247,0
2.3798969,0
2.3800473,0
2.3800826,0
2.3812122,0
2.3813436,0
2.3814902,0
2.3814967,0
2.3815606,0
2.381579,0
2.3820038,0
2.3827043,0
2.3830655,0
2.3832195,0
2.3834686,0
2.3837433,0
2.3838592,0
2.3839478,0
2.38395,0
2.384427,0
2.3847685,0
2.3848555,0
2.3850393,0
2.3852127,0
2.3855753,0
2.3867383,0
2.3882945,0
2.389067,0
2.389077,0
2.3897722,0
2.3898954,0
2.3902838,0
2.390358,0
2.3904624,0
2.390558,0
2.3906934,0
2.3937798,0
2.393855,0
2.3942633,0
2.3944225,0
2.3948622,0
2.3962522,0
2.3964534,0
2.3967297,0
2.3972392,0
2.3972602,0
2.397786,0
2.3992078,0
2.3995402,0
2.399616,0
2.3997579,0
2.4003181,0
2.401414,0
2.4014404,0
2.4022973,0
2.403105,0
2.4032617,0
2.4033673,0
2.4039307,0
2.4042196,0
2.4044552,0
2.4051678,0
2.4052184,0
2.4056852,0
2.4060917,0
2.4063604,0
2.4063742,1
2.4070172,0
2.4072063,0
2.4073322,0
2.4075923,0
2.4080884,0
2.4087055,0
2.4089963,0
2.409137,0
2.4097228,0
2.4105246,0
2.4110975,0
2.4116125,0
2.4116127,0
2.4117756,0
2.412303,0
2.4124062,0
2.413043,0
2.4132364,0
2.413968,0
2.4148672,0
2.414952,0
2.415098,0
2.4172907,0
2.4175365,0
2.4175663,0
2.4177873,0
2.4178116,0
2.4181235,0
2.4181724,0
2.4185658,0
2.4186485,0
2.4186597,0
2.4190896,0
2.4196792,0
2.420909,0
2.4209416,0
2.4210737,0
2.422987,0
2.4230983,0
2.4233556,0
2.423604,0
2.4239914,0
2.4242678,0
2.424752,0
2.4247692,0
2.4258113,0
2.4265037,0
2.4267821,0
2.4271328,0
2.4272273,1
2.4281058,0
2.4287012,0
2.430169,0
2.4306283,0
2.4308877,0
2.4326556,0
2.4330583,0
2.4330673,0
2.4330955,0
2.4333017,0
2.4334135,0
2.4344292,0
2.4347944,0
2.4352126,0
2.4352677,0
2.4354715,0
2.4357538,0
2.436027,0
2.436129,0
2.4364424,0
2.437994,0
2.4382331,0
2.4389856,0
2.4397333,0
2.4399536,0
2.4402304,0
2.4404278,0
2.4406328,0
2.4406455,0
2.4417295,0
2.4421287,0
2.4422247,0
2.4440455,0
2.444115,0
2.4466004,0
2.4468782,0
2.4477515,0
2.447809,0
2.4478166,0
2.4478676,0
2.4479914,0
2.4484797,0
2.4493628,0
2.4506557,0
2.4509974,0
2.451033,0
2.4517775,0
2.4523237,0
2.4526448,0
2.452709,0
2.4527628,0
2.4529889,0
2.4533432,0
2.4534774,0
2.4547997,0
2.4549844,0
2.456495,0
2.4566474,0
2.4567666,0
2.4567904,0
2.4576683,0
2.4580173,0
2.4584088,0
2.4584591,0
2.4588375,0
2.4591322,0
2.460403,0
2.4605436,0
2.4606533,0
2.4610784,0
2.4612858,0
2.4614332,0
2.461513,0
2.461789,0
2.4630501,0
2.4631238,0
2.4634852,0
2.4637396,0
2.4648685,0
2.4655108,0
2.4661782,0
2.4672127,0
2.4672935,0
2.4687285,0
2.4688554,0
2.4693124,0
2.4693942,0
2.4703166,0
2.470322,0
2.470555,0
2.4708254,0
2.4717538,0
2.471855,0
2.47315,0
2.4734716,0
2.474931,0
2.4756691,0
2.4760485,0
2.476376,0
2.4770794,0
2.4775255,0
2.4780483,0
2.478104,0
2.4781766,0
2.478506,0
2.4790106,0
2.4792097,0
2.4799562,0
2.4818208,0
2.4822125,0
2.482468,0
2.4824994,0
2.4834282,0
2.4841042,0
2.48429,0
2.4843304,0
2.4845505,0
2.4846606,0
2.4854972,0
2.4855871,0
2.4868271,0
2.4870133,0
2.487018,0
2.4870374,0
2.4871895,0
2.4874144,0
2.4878192,0
2.4879084,0
2.4880621,0
2.4894567,0
2.490644,0
2.4909596,0
2.4910004,0
2.49151,0
2.4918816,0
2.4926217,0
2.4931676,0
2.4937587,0
2.4946003,0
2.4946737,0
2.4949384,0
2.4949675,0
2.4949956,0
2.495748,0
2.4960458,0
2.4964287,0
2.4979105,0
2.4980705,0
2.498668,0
2.499341,0
2.500835,0
2.5011232,0
2.5011861,0
2.5014708,0
2.5014946,0
2.5022812,0
2.5027885,0
2.5032423,0
2.504549,0
2.505115,0
2.505822,0
2.5058465,0
2.5060723,0
2.5065484,0
2.5070944,0
2.5072312,0
2.507307,0
2.507477,0
2.5076823,0
2.507697,0
2.5077262,0
2.5081239,0
2.5083196,0
2.5087333,0
2.5102904,0
2.5103366,0
2.5127025,0
2.512867,0
2.5138624,0
2.5138805,0
2.5140972,0
2.514195,0
2.5142221,0
2.5143726,0
2.514417,0
2.5146692,0
2.5148742,0
2.5149074,0
2.5155473,0
2.5158572,0
2.516134,0
2.5178127,0
2.5179331,0
2.5184999,0
2.5188382,0
2.5193806,0
2.5194578,0
2.5195749,0
2.5198472,0
2.5202909,0
2.5206797,0
2.5207806,0
2.5210612,0
2.521291,0
2.5213716,0
2.5226052,0
2.5238411,0
2.5243073,0
2.524674,0
2.5247772,0
2.5253868,0
2.5254397,0
2.526099,0
2.5278268,0
2.5283494,0
2.5284755,0
2.5285459,0
2.5294304,0
2.5295842,0
2.5308673,0
2.5309353,0
2.531828,0
2.531859,0
2.5320385,0
2.532181,0
2.5323055,0
2.5327032,0
2.5331526,0
2.5332649,0
2.5336792,0
2.5337217,0
2.5338445,0
2.53477,0
2.5350554,0
2.536839,0
2.5370088,0
2.5370152,0
2.5375621,0
2.5386243,0
2.5387034,0
2.5387216,0
2.5388088,0
2.5390854,0
2.5408976,0
2.5418155,0
2.5420883,0
2.5423295,0
2.5426676,0
2.54326,0
2.5437768,0
2.5441244,0
2.5441945,0
2.544395,0
2.5444818,0
2.5445685,0
2.5450463,0
2.545099,0
2.5470285,0
2.5473661,0
2.5478735,0
2.5486352,0
2.5486674,0
2.5487065,0
2.5488296,0
2.5493135,0
2.550655,0
2.5509088,0
2.5512803,0
2.5523274,0
2.5527966,0
2.5535727,0
2.553774,0
2.55472,0
2.5550025,0
2.5555158,0
2.555851,0
2.5562723,0
2.5576506,0
2.5577574,0
2.5579708,0
2.5583968,0
2.558766,0
2.5591571,0
2.5598068,0
2.5599675,0
2.560499,0
2.5607896,0
2.561301,0
2.5615377,0
2.5621765,0
2.5628302,0
2.5631254,0
2.563308,0
2.5634418,0
2.563513,0
2.5648603,0
2.5648735,0
2.565726,0
2.5658743,0
2.5663126,0
2.5673304,0
2.5675533,0
2.5681376,0
2.5681915,0
2.5687897,0
2.5693974,0
2.5701847,0
2.5709248,0
2.5710356,0
2.571344,0
2.5718803,0
2.5720751,0
2.5728788,0
2.5731227,0
2.5735712,0
2.5737965,0
2.5746558,0
2.5749032,1
2.575002,0
2.5752926,0
2.5759692,0
2.576067,0
2.5767918,0
2.5770102,0
2.5777678,0
2.5788343,0
2.5789485,0
2.581494,0
2.581573,0
2.5827856,0
2.5828173,0
2.5832844,0
2.584594,0
2.5852115,0
2.586392,0
2.586573,0
2.5866218,0
2.5872624,0
2.5873432,0
2.5875854,0
2.5884535,0
2.5889466,0
2.589457,0
2.589509,0
2.58971,0
2.5899622,0
2.590145,0
2.5902035,0
2.593041,0
2.593449,0
2.5947547,0
2.5952158,0
2.5955892,0
2.5965393,0
2.5976458,0
2.5983803,0
2.5993965,0
2.6000876,0
2.6011152,0
2.6011186,0
2.6012735,0
2.602583,0
2.6025925,0
2.6029944,0
2.6031775,0
2.6038868,0
2.60406,0
2.6042478,0
2.6044488,0
2.604891,0
2.605537,0
2.6056323,0
2.6056876,0
2.6064744,0
2.6066046,0
2.6068804,0
2.6069374,0
2.6078863,0
2.608852,0
2.6091008,0
2.6100109,0
2.610705,0
2.611037,0
2.6114483,0
2.6121774,0
2.6122541,0
2.6131532,0
2.6132872,0
2.6136556,0
2.613724,0
2.614224,0
2.6154573,0
2.6155355,0
2.6160233,0
2.616167,0
2.6162994,0
2.6170306,0
2.6174517,0
2.6174896,0
2.6175845,0
2.6192594,0
2.6197565,0
2.6200287,0
2.6203299,0
2.6204846,0
2.6214716,0
2.621789,0
2.6220884,0
2.6232233,0
2.626385,0
2.627122,0
2.627182,0
2.6272104,0
2.6279871,0
2.6282313,0
2.628266,0
2.6283865,0
2.6297557,0
2.629911,0
2.630689,0
2.6316361,0
2.6323838,0
2.6325526,0
2.632729,0
2.6328259,0
2.6329618,0
2.6334465,0
2.633554,0
2.6339011,0
2.6341062,0
2.635485,0
2.6355848,0
2.6360092,0
2.636829,0
2.6373565,0
2.638112,0
2.6391654,0
2.6392055,0
2.6395564,0
2.6402664,0
2.6402967,0
2.6409202,0
2.6413608,0
2.6418474,0
2.6419258,0
2.6421869,0
2.6421978,0
2.6434407,0
2.6441824,0
2.6445198,0
2.6447358,0
2.6448143,0
2.6450076,0
2.6450357,0
2.6472218,0
2.6478612,0
2.6484811,0
2.6496718,0
2.6498816,0
2.649945,0
2.65098,0
2.6513605,1
2.651526,0
2.6528633,0
2.653032,0
2.6533298,0
2.6538138,0
2.6541705,0
2.6546361,0
2.6551373,0
2.6552029,0
2.6556315,0
2.6579058,0
2.6583028,0
2.6586685,0
2.6590729,0
2.6601064,0
2.6605392,0
2.6622114,0
2.6627007,0
2.662797,0
2.663715,0
2.6641886,0
2.6643288,0
2.6657476,0
2.665968,0
2.6665747,0
2.667022,0
2.6673074,0
2.6690571,0
2.6708999,0
2.6723878,0
2.6726384,0
2.6732645,0
2.6738963,0
2.6752334,0
2.6753962,0
2.6757073,0
2.6757338,0
2.676795,0
2.676909,0
2.6780949,0
2.678223,0
2.6790442,0
2.679237,0
2.679807,0
2.6806428,0
2.6810522,0
2.6822865,0
2.68274,0
2.682956,0
2.6829798,0
2.6832137,0
2.6835933,0
2.6843863,0
2.6850593,0
2.6856499,0
2.686461,0
2.6874518,0
2.6874964,0
2.6880157,0
2.6882453,0
2.6883996,0
2.6891475,0
2.6900039,0
2.690051,0
2.6900644,0
2.6913137,0
2.6913621,0
2.6922042,0
2.6924212,0
2.6925504,0
2.6928182,0
2.693052,0
2.693519,0
2.6936412,0
2.6938324,0
2.6940072,0
2.6948338,0
2.6950426,1
2.6957626,0
2.6963463,0
2.6973507,0
2.697825,0
2.698,0
2.698168,0
2.6982434,0
2.698679,0
2.6990056,0
2.699617,0
2.7004402,0
2.7007208,0
2.7010307,0
2.7015352,0
2.70188,0
2.7020705,0
2.702809,0
2.702817,0
2.7030778,0
2.7046287,0
2.7054071,0
2.7054524,0
2.7063904,0
2.7068312,0
2.7077415,0
2.7099643,0
2.711209,0
2.711713,0
2.712481,0
2.7126086,0
2.712859,0
2.7132878,0
2.7147787,0
2.7159896,0
2.7177148,0
2.7180507,0
2.7185907,0
2.720027,0
2.7201662,0
2.721148,0
2.7220106,0
2.7229085,0
2.723508,0
2.723579,0
2.723946,0
2.724689,0
2.7259924,0
2.7267756,0
2.726943,0
2.7289348,0
2.729649,0
2.7304847,0
2.7307172,0
2.7308216,0
2.730989,0
2.7313251,0
2.7322938,0
2.7327442,0
2.7336917,0
2.734048,0
2.7343905,0
2.7345886,0
2.7350028,0
2.735018,0
2.7355235,0
2.7358875,0
2.7367058,0
2.737105,0
2.739337,0
2.739385,0
2.7402883,0
2.7406895,0
2.740718,0
2.7407188,0
2.7408638,0
2.7409258,0
2.7418985,0
2.7422955,0
2.7429569,0
2.7434502,0
2.743793,0
2.7449882,0
2.7452078,0
2.74691,0
2.7474072,0
2.748551,0
2.7499373,0
2.750157,0
2.7509825,0
2.751023,0
2.7511892,0
2.7514513,0
2.7515373,0
2.7515552,0
2.7527378,0
2.753294,0
2.753379,0
2.753634,0
2.753978,0
2.7542472,0
2.7542582,0
2.7544456,0
2.7544687,0
2.7548006,0
2.755167,0
2.755447,0
2.7559958,0
2.7566884,0
2.7586737,0
2.761266,0
2.7634754,0
2.7637742,0
2.7662928,0
2.7664604,0
2.7667804,0
2.767169,0
2.7677207,0
2.7688694,0
2.768893,0
2.769226,0
2.7704298,0
2.7708635,0
2.771949,0
2.7726307,0
2.7726705,0
2.772933,0
2.7740958,0
2.7747457,0
2.7749934,0
2.77544,0
2.7758358,0
2.7798667,0
2.7798767,0
2.7805495,0
2.7808456,0
2.7809837,0
2.7814662,0
2.7815,0
2.7816699,0
2.7822666,0
2.7828465,0
2.7835145,0
2.7843447,0
2.7854338,0
2.7857404,0
2.7859974,0
2.7862165,0
2.7863197,0
2.787166,0
2.7874568,0
2.7875888,0
2.7882633,0
2.7891622,0
2.789937,0
2.7900925,0
2.7902024,0
2.790822,0
2.7910056,0
2.791287,0
2.7917569,0
2.7920861,0
2.7924166,0
2.7925272,0
2.7932863,0
2.794051,0
2.7943985,0
2.795096,0
2.7957451,0
2.7960615,0
2.7964284,0
2.7965598,0
2.7969966,0
2.7973719,0
2.7976012,0
2.7980042,0
2.7989643,0
2.7996955,0
2.8000836,0
2.8006177,0
2.8007126,0
2.800855,0
2.8011537,0
2.8016565,0
2.803462,0
2.8036196,0
2.8037972,0
2.804309,0
2.8063395,0
2.8069844,0
2.8079515,0
2.808324,0
2.8091106,0
2.8091242,0
2.8091435,0
2.8092942,0
2.8094165,0
2.8100078,0
2.8106034,0
2.8123074,1
2.8127933,0
2.8130748,0
2.813273,0
2.8134446,0
2.8135998,0
2.8154902,0
2.8167746,0
2.8172104,0
2.8174345,0
2.817477,0
2.8175926,0
2.8181522,0
2.8191519,0
2.8195546,0
2.8195956,0
2.820089,0
2.820656,0
2.8211133,0
2.8215668,0
2.8221278,0
2.8227131,0
2.8231435,0
2.8233292,0
2.8239036,0
2.8240237,0
2.82403,0
2.8241775,0
2.825038,0
2.8261497,0
2.8268223,0
2.8270612,0
2.8270912,0
2.8276236,0
2.8283713,0
2.8285615,0
2.8286152,0
2.8288162,0
2.829102,0
2.8291242,0
2.8298717,0
2.8318353,0
2.832031,0
2.8322113,0
2.8322234,0
2.8324132,0
2.8332682,0
2.8333516,0
2.8337607,0
2.835852,0
2.8393645,0
2.839902,0
2.8405743,0
2.842405,0
2.8424628,0
2.8424926,0
2.8428133,0
2.845791,0
2.8458602,0
2.8467205,0
2.8470447,0
2.8495445,0
2.8503482,0
2.8516166,0
2.8522155,0
2.852465,0
2.8537548,0
2.85405,0
2.8547564,0
2.8559701,0
2.8560054,0
2.8561873,0
2.856297,0
2.8572326,0
2.8572993,0
2.857459,0
2.8575065,0
2.857921,0
2.8588407,0
2.859336,0
2.8596013,0
2.8596048,0
2.860202,0
2.8602307,0
2.860262,0
2.8602743,0
2.8610358,0
2.8611467,0
2.86127,0
2.86165,0
2.8623123,0
2.8628068,0
2.862842,0
2.8633175,0
2.8634386,0
2.864011,0
2.864675,0
2.8657396,0
2.865746,0
2.8660405,0
2.86613,0
2.8668027,0
2.8668318,0
2.8671439,0
2.8672197,0
2.8701549,0
2.8705046,0
2.8724282,0
2.873435,0
2.8739312,0
2.8753166,0
2.8761287,0
2.8767853,0
2.8777559,0
2.8779314,0
2.8789282,0
2.879752,0
2.8805861,0
2.8809233,0
2.881432,0
2.8825326,0
2.8826225,0
2.885058,0
2.8854346,0
2.887061,0
2.8872023,0
2.8894892,0
2.8895168,0
2.8899472,0
2.890136,0
2.8909423,0
2.8917367,0
2.892727,0
2.8939734,0
2.894407,0
2.8951824,0
2.8953018,0
2.8962438,0
2.8967912,0
2.8980453,0
2.8987355,0
2.8989174,0
2.8991961,0
2.8992088,0
2.9004705,0
2.9013705,0
2.9023495,0
2.904203,0
2.9048562,0
2.9054005,0
2.905624,0
2.9067822,0
2.907405,0
2.9078317,0
2.907987,0
2.908132,0
2.9084847,0
2.910986,0
2.9122078,0
2.9122224,0
2.9129102,0
2.9132264,0
2.9132872,0
2.9140968,0
2.9153347,0
2.9153593,0
2.916081,0
2.9165623,0
2.9170995,0
2.918806,0
2.9204166,0
2.9208786,0
2.9223855,0
2.922449,0
2.9246037,0
2.9252706,0
2.9253228,0
2.9255886,0
2.9259427,0
2.9275417,0
2.9282784,0
2.9285996,0
2.9297385,0
2.9299846,0
2.9304895,0
2.9311619,0
2.9318082,0
2.931946,0
2.93211,0
2.936343,0
2.9378858,0
2.9389696,0
2.9389892,0
2.939568,0
2.9400835,0
2.940234,0
2.9406896,0
2.941713,0
2.9421513,0
2.9425964,0
2.9438698,0
2.9439466,0
2.9442227,0
2.9458723,0
2.9461367,0
2.9463103,0
2.9483209,0
2.9483435,0
2.9490232,0
2.9505813,0
2.9510648,0
2.951081,0
2.9526613,0
2.9538724,0
2.9544158,0
2.9553022,0
2.9553876,0
2.9554565,0
2.9559305,0
2.9570098,0
2.9570851,0
2.9573183,0
2.9584522,0
2.958584,0
2.9590611,0
2.9591408,0
2.9596758,0
2.960744,0
2.9612758,0
2.962068,0
2.9622786,0
2.9624329,0
2.9625778,0
2.9640305,0
2.9641585,0
2.9649746,0
2.9656985,0
2.9662714,0
2.9668207,0
2.967598,0
2.9677854,0
2.9700272,0
2.9702904,0
2.9703634,0
2.9719744,0
2.9720726,0
2.9730368,0
2.9731634,0
2.9735167,0
2.9745994,0
2.9760253,0
2.9762487,0
2.9765775,0
2.977072,0
2.9772387,0
2.9774835,0
2.9788651,0
2.979097,0
2.9791708,0
2.9796884,0
2.9799697,0
2.9799893,0
2.9808578,0
2.982835,0
2.984337,0
2.9846284,0
2.984691,0
2.9865253,0
2.9868083,0
2.9875016,0
2.9878054,0
2.9896398,0
2.990189,0
2.9909973,0
2.9913404,0
2.9957461,0
2.9963548,0
2.9964223,0
2.9967067,0
2.9979625,0
2.9988382,0
2.9996047,0
2.9999228,0
3.0001395,0
3.000142,0
3.000582,0
3.0011826,0
3.001912,0
3.0032296,0
3.0054634,0
3.005813,0
3.0076253,0
3.0078218,0
3.008345,0
3.0091658,0
3.010946,0
3.0122864,0
3.0130541,0
3.0155244,0
3.0166335,0
3.016762,0
3.0174022,0
3.0187433,0
3.0205374,0
3.0206487,0
3.020756,0
3.022259,0
3.0226634,0
3.023441,0
3.0239656,0
3.0244222,0
3.0246038,0
3.0253549,0
3.0256429,0
3.0262938,0
3.026371,0
3.0266929,0
3.026743,0
3.028508,0
3.0289187,0
3.0294428,0
3.0302496,0
3.030463,0
3.0307412,0
3.0309553,0
3.0324512,0
3.0326161,0
3.0327706,0
3.0328827,0
3.034583,0
3.0347211,0
3.0351627,0
3.038519,0
3.0385602,0
3.0390697,0
3.039311,0
3.0394597,0
3.041558,0
3.0428052,0
3.042944,0
3.047152,0
3.0488615,0
3.0490284,0
3.0503788,0
3.050586,0
3.0515983,0
3.0522027,0
3.0525007,0
3.0530083,0
3.053525,0
3.0544853,0
3.0545056,0
3.0553455,0
3.0565977,0
3.057097,0
3.0579934,0
3.058623,0
3.0589921,0
3.0592299,0
3.0604389,0
3.0612218,0
3.0620663,0
3.062493,0
3.0650392,0
3.0656834,0
3.0665565,0
3.0670707,0
3.068433,0
3.0697777,0
3.0701838,0
3.0703993,0
3.0719433,0
3.0731487,0
3.0736492,0
3.0746968,0
3.0747638,0
3.0751963,0
3.0765457,0
3.077259,0
3.0776656,0
3.0778081,0
3.078493,0
3.0788755,0
3.0792658,0
3.0794227,0
3.0801408,0
3.080728,0
3.0810056,0
3.0820076,0
3.0823846,0
3.0833373,0
3.0838008,0
3.0840704,0
3.084796,0
3.0855281,0
3.0855293,0
3.0856829,0
3.0860095,0
3.0876935,0
3.0877526,0
3.0878954,0
3.088062,0
3.0892646,0
3.0901904,0
3.0907292,0
3.0913098,0
3.0927556,0
3.092904,0
3.0955229,0
3.0963168,0
3.0990098,0
3.0992074,0
3.102005,0
3.1042185,0
3.1047335,0
3.105096,0
3.10531,0
3.1057043,0
3.107812,0
3.1082587,0
3.1084146,0
3.1084912,0
3.108613,0
3.1102803,0
3.1104581,0
3.1122658,0
3.1126552,0
3.1133184,0
3.1134999,0
3.1143215,0
3.1147916,0
3.1147954,0
3.1158538,0
3.116271,0
3.116747,0
3.117487,0
3.1177406,0
3.118491,0
3.1184921,0
3.1192598,0
3.1193833,0
3.1197953,0
3.1199498,0
3.1204464,0
3.1223612,0
3.1228492,0
3.1239457,0
3.1242669,0
3.1246386,0
3.1249497,0
3.124952,0
3.1264403,0
3.1269224,0
3.1272037,0
3.1283288,0
3.1301408,0
3.1303577,0
3.130545,0
3.1306796,0
3.1323917,0
3.132846,0
3.1331277,0
3.1332006,0
3.1334996,0
3.1348228,0
3.1349375,0
3.1351936,0
3.136868,0
3.1375551,0
3.1378157,0
3.1384797,0
3.1386504,0
3.1401024,0
3.1404037,0
3.1407075,0
3.1407409,0
3.1411815,0
3.1413374,0
3.1417036,0
3.1420524,0
3.1425428,0
3.1429825,0
3.1432536,0
3.1433089,0
3.1434412,0
3.1450088,0
3.1450799,0
3.1458228,0
3.1468253,0
3.1470613,0
3.1484528,0
3.1500196,0
3.1506033,0
3.1511016,0
3.1512744,0
3.152078,0
3.153498,0
3.1547995,0
3.1560433,0
3.1563532,0
3.156943,0
3.1578906,0
3.1592183,0
3.1599061,0
3.160144,0
3.1627605,0
3.162833,0
3.1634855,0
3.1635134,0
3.16411,0
3.1651344,0
3.1676965,0
3.1693916,0
3.16956,0
3.1698878,0
3.1704435,0
3.171271,0
3.1713822,0
3.171941,0
3.1721227,0
3.1724994,0
3.1727173,0
3.173401,0
3.1743407,0
3.1746845,0
3.1778255,0
3.1780705,0
3.179023,0
3.1794415,0
3.18032,0
3.1806898,0
3.1807396,0
3.1814477,0
3.1826806,0
3.1826932,0
3.1843305,0
3.1870406,0
3.1876678,0
3.1882148,0
3.189013,0
3.189516,0
3.1902719,0
3.1905007,0
3.1908216,0
3.1910603,0
3.1917512,0
3.1925564,0
3.1927323,0
3.192835,0
3.1939182,0
3.1947944,0
3.1959717,0
3.1960287,0
3.197098,0
3.1977973,0
3.1982653,0
3.198448,0
3.1987765,0
3.1987865,0
3.200273,0
3.20117,0
3.2012558,0
3.202357,0
3.2032356,0
3.2036436,0
3.2041526,0
3.2049356,0
3.205625,0
3.206216,0
3.206382,0
3.2076724,0
3.2083635,0
3.2089822,0
3.2093492,0
3.2095869,0
3.2099118,0
3.2111604,0
3.2112038,0
3.2116725,0
3.211676,0
3.2118742,0
3.212018,0
3.2125201,0
3.2126203,0
3.2140136,0
3.215336,0
3.2158823,0
3.2177098,0
3.218616,0
3.2190106,0
3.2203312,0
3.220397,0
3.222589,0
3.2241826,0
3.2244096,0
3.2265034,0
3.2268887,0
3.2288942,0
3.2289095,0
3.2290068,0
3.2291737,0
3.2293093,0
3.2305417,0
3.2306476,0
3.2312207,0
3.2318978,0
3.2328992,0
3.2332273,0
3.2346087,0
3.2354596,0
3.2380807,0
3.2386196,0
3.2403798,0
3.2410927,0
3.241629,0
3.2417998,0
3.2425914,0
3.2444081,0
3.2451792,0
3.245286,0
3.2455022,0
3.2457192,0
3.2458825,0
3.2465813,0
3.2469108,0
3.246931,0
3.2469764,0
3.247608,0
3.2498767,0
3.2500107,0
3.2530274,0
3.2543447,0
3.255519,0
3.2576485,0
3.2583122,0
3.259822,0
3.2613301,0
3.2622714,0
3.2628117,0
3.2636569,0
3.2647314,0
3.265438,0
3.2655451,0
3.2667048,0
3.2670963,0
3.2694807,0
3.270231,0
3.2703962,0
3.2717052,0
3.2739322,0
3.2752864,0
3.2756693,0
3.276472,0
3.276779,0
3.2778852,0
3.2781298,0
3.278533,0
3.2787766,0
3.281202,0
3.282047,0
3.2820818,0
3.2823312,0
3.2835147,0
3.2842746,0
3.2847707,0
3.2853193,0
3.2866108,0
3.2878404,0
3.2885523,0
3.2896144,0
3.2896419,0
3.2914066,0
3.291475,0
3.2921624,0
3.2922454,0
3.2932374,0
3.2938921,0
3.295811,0
3.2959368,0
3.296439,0
3.2964501,0
3.2975588,0
3.297746,0
3.2989795,0
3.2993443,0
3.2993934,0
3.3004878,0
3.3019652,0
3.3020782,0
3.3021092,0
3.3030286,0
3.303279,0
3.3032823,0
3.3034298,0
3.3038633,0
3.3044105,0
3.304723,0
3.3048425,0
3.3056374,0
3.3062358,0
3.306888,0
3.3070655,0
3.3071368,0
3.3071535,0
3.3072097,0
3.3076758,0
3.3080392,0
3.3087585,0
3.3091285,0
3.310147,0
3.3105872,0
3.3126192,0
3.3140833,0
3.316521,0
3.3171132,0
3.3176608,0
3.3190079,0
3.3190951,0
3.3201163,0
3.3208163,0
3.3212354,0
3.321958,0
3.3222692,0
3.3229623,0
3.3239088,0
3.3250165,0
3.325217,0
3.3257701,0
3.3261821,0
3.3312953,0
3.3315704,0
3.3321753,0
3.3331478,0
3.3341124,0
3.3352077,0
3.335272,0
3.3354397,0
3.3357117,0
3.3375041,0
3.340218,0
3.3408575,0
3.3409712,0
3.3423595,0
3.342644,0
3.3441012,0
3.3443265,0
3.3472574,0
3.3476582,0
3.348298,0
3.3492048,0
3.3500156,0
3.3503048,0
3.3509636,0
3.3538165,0
3.3553061,0
3.355446,0
3.355601,0
3.3557553,0
3.3560066,0
3.3562818,0
3.3579087,0
3.3580787,0
3.3592348,0
3.3594484,0
3.3604476,0
3.363173,0
3.3639379,0
3.3654633,0
3.3658319,0
3.366796,0
3.368288,0
3.3686006,0
3.369399,0
3.3694599,0
3.3705804,0
3.3710737,0
3.371824,0
3.375428,0
3.3772705,0
3.3789718,0
3.3800454,0
3.3801363,0
3.3820302,0
3.3824885,0
3.383173,0
3.3834238,0
3.3838022,0
3.3882651,0
3.3905396,0
3.3953753,0
3.3955023,0
3.3967543,0
3.3973753,0
3.3975048,0
3.3979652,0
3.403687,0
3.4039772,0
3.406207,0
3.4073708,0
3.408064,0
3.408144,0
3.408645,0
3.408939,0
3.411693,0
3.4119394,0
3.4127698,0
3.4137285,0
3.4140923,0
3.4151633,0
3.4164777,0
3.417426,0
3.4182355,0
3.4187453,0
3.4193347,0
3.4212542,0
3.4212883,0
3.4239566,0
3.4249978,0
3.4262075,0
3.4266891,0
3.4275444,0
3.4278607,0
3.429252,0
3.4303608,0
3.4324756,0
3.4331708,0
3.433257,0
3.433355,0
3.4337282,0
3.4340942,0
3.4356322,0
3.4357884,0
3.4358053,0
3.435882,0
3.4368572,0
3.4378643,0
3.4385686,0
3.4391842,0
3.4398117,0
3.4401257,0
3.4403868,0
3.4428692,0
3.443627,0
3.4438832,0
3.444694,0
3.4455807,0
3.4460545,0
3.4460952,0
3.4462407,0
3.447229,0
3.4485343,0
3.4493406,0
3.4516506,0
3.4528902,0
3.4529634,0
3.4557605,0
3.4560194,0
3.4561129,0
3.4572442,0
3.4575286,0
3.4610808,0
3.4612558,0
3.4628973,0
3.4629912,0
3.4637635,0
3.4648666,0
3.4657354,0
3.4669597,0
3.4671638,0
3.4673023,0
3.4675574,0
3.4693432,0
3.4697802,0
3.470028,0
3.470066,0
3.4711034,0
3.471126,0
3.4718797,0
3.4738443,0
3.4756687,0
3.4762142,0
3.4768746,0
3.4772081,0
3.477369,0
3.4790335,0
3.4838638,0
3.4850335,0
3.4860783,0
3.4888926,0
3.4894207,0
3.4897451,0
3.4912682,0
3.49201,0
3.492373,0
3.4924505,0
3.4940147,0
3.4950209,0
3.495941,0
3.4986525,0
3.498709,0
3.4990385,0
3.4992094,0
3.5000784,0
3.5008378,0
3.5008736,0
3.5037453,0
3.5040812,0
3.5041008,0
3.504568,0
3.5076783,0
3.5098324,0
3.5109313,0
3.5117679,0
3.511824,0
3.511985,0
3.5123,0
3.5126336,0
3.512953,0
3.5135562,0
3.5141912,0
3.5214,0
3.5215042,0
3.5226743,0
3.5236938,0
3.5243905,0
3.5262856,0
3.5280874,0
3.529002,0
3.5328336,0
3.5337915,0
3.5344205,0
3.536344,0
3.5377176,0
3.5384388,0
3.5395288,0
3.5401206,0
3.542896,0
3.5455716,0
3.5481246,0
3.5487018,0
3.5504582,0
3.5506163,0
3.5506735,0
3.5509186,0
3.5509293,0
3.5515192,0
3.5520015,0
3.5523956,0
3.5526164,0
3.5529952,0
3.5534022,0
3.5551777,0
3.5580814,0
3.5598378,0
3.562587,0
3.5630553,0
3.5643945,0
3.5645292,0
3.565561,0
3.5666277,0
3.56692,0
3.56955,0
3.5702772,0
3.575451,0
3.5768301,0
3.577876,0
3.578585,0
3.5787008,0
3.5806308,0
3.580719,0
3.5812492,0
3.5814202,0
3.5823162,0
3.5828161,0
3.5835385,0
3.5843384,0
3.5848522,0
3.5848546,0
3.5854325,0
3.5855174,0
3.585569,0
3.5862536,0
3.5894063,0
3.5921383,0
3.592336,0
3.593375,0
3.5945864,0
3.5949533,0
3.5954213,0
3.59551,0
3.5965776,0
3.597393,0
3.59914,0
3.5994434,0
3.6007488,0
3.6012013,0
3.6018512,0
3.6021743,0
3.6024923,0
3.6036613,0
3.6039224,0
3.6051712,0
3.6064768,0
3.6084342,0
3.609098,0
3.6099055,0
3.609919,0
3.6105103,0
3.6113918,0
3.6137557,0
3.6145985,0
3.6153681,0
3.6173654,0
3.6183944,0
3.6196742,0
3.6218262,0
3.6253264,0
3.6266782,0
3.6266947,0
3.6272483,0
3.6273181,0
3.6286707,0
3.6295784,0
3.6304963,0
3.6305346,0
3.6311111,0
3.6318486,0
3.631952,0
3.6320355,0
3.6325767,0
3.6326919,0
3.6336896,0
3.6372402,0
3.6373878,0
3.6393998,0
3.639469,0
3.6397884,0
3.642307,0
3.642322,0
3.6453393,0
3.6458662,0
3.64643,0
3.6464305,0
3.6480947,0
3.648143,0
3.6493075,0
3.6496878,0
3.6516593,0
3.6523857,0
3.6538234,0
3.6542425,0
3.6545591,0
3.6552074,0
3.6552541,0
3.6589108,0
3.6626096,0
3.662676,0
3.665261,0
3.6653616,0
3.665553,0
3.6683016,0
3.6696892,0
3.6701581,0
3.6702487,0
3.6715412,0
3.672451,0
3.6726828,0
3.6731648,0
3.6759248,0
3.6763165,0
3.6766834,0
3.6775393,0
3.679225,0
3.679298,0
3.6808527,0
3.68113,0
3.6812193,0
3.6814415,0
3.6830611,0
3.6839561,0
3.6845682,0
3.6850293,0
3.685628,0
3.6862202,0
3.6867814,0
3.6882286,0
3.6886814,0
3.6895308,0
3.6895466,0
3.689787,0
3.6905236,0
3.6908937,0
3.692332,0
3.692955,0
3.6940963,0
3.694569,0
3.694622,0
3.6957834,0
3.696092,0
3.699696,0
3.6999965,0
3.7005575,0
3.7007594,0
3.7021143,0
3.7027197,0
3.7065063,0
3.7102003,0
3.7114487,0
3.7124524,0
3.7129757,0
3.7147262,0
3.716255,0
3.7170098,0
3.7181916,0
3.718604,0
3.720307,0
3.7232928,0
3.7235558,0
3.7236607,0
3.7241232,0
3.7248826,0
3.7269478,0
3.7289572,0
3.7308283,0
3.7336776,0
3.7357204,0
3.736051,0
3.7397912,0
3.7399068,0
3.740229,0
3.7402463,0
3.7417493,0
3.741975,0
3.7457027,0
3.7489157,0
3.7494724,0
3.7511344,0
3.7522805,0
3.7524743,0
3.752846,0
3.7541358,0
3.754185,0
3.7546175,0
3.7551043,0
3.7587118,0
3.7590382,0
3.7595925,0
3.761938,0
3.7624288,0
3.7641037,0
3.768474,0
3.7685225,0
3.768572,0
3.76925,0
3.7696197,0
3.7721918,0
3.7725894,0
3.77322,0
3.7749257,0
3.7767339,0
3.777626,0
3.7794473,0
3.7797437,0
3.7804623,0
3.7808154,0
3.7812083,0
3.7838976,0
3.7846038,0
3.7847006,0
3.7850978,0
3.7859244,0
3.7865696,0
3.7872436,0
3.7901852,0
3.791016,0
3.7911468,0
3.7953508,0
3.7957432,0
3.7975893,0
3.7983637,0
3.8000271,0
3.800259,0
3.8020518,0
3.8027484,0
3.8032098,0
3.8037713,0
3.8050299,0
3.8064706,0
3.808629,0
3.808853,0
3.8141491,0
3.8159492,0
3.81694,0
3.8171697,0
3.8172114,0
3.8173447,0
3.8184056,0
3.8235137,0
3.82647,0
3.8288248,0
3.8288763,0
3.8319163,0
3.8331609,0
3.8334985,0
3.8337564,0
3.8338695,0
3.8349829,0
3.8353472,0
3.8358698,0
3.8377452,0
3.8419573,0
3.8438883,0
3.8455064,0
3.8464935,0
3.8466954,0
3.8527012,0
3.853118,0
3.8535783,0
3.853661,0
3.8565373,0
3.8589675,0
3.8591795,0
3.8608656,0
3.86193,0
3.8641827,0
3.864836,0
3.8657389,0
3.8668103,0
3.867364,0
3.867721,0
3.8684468,0
3.8684738,0
3.870276,0
3.873537,0
3.8738189,0
3.8770733,0
3.8773365,0
3.8797317,0
3.879792,0
3.8803318,0
3.8811765,0
3.882668,0
3.8830667,0
3.8849823,0
3.8850496,0
3.889947,0
3.8900585,0
3.894185,0
3.8956614,0
3.8962219,0
3.8981168,0
3.8990061,0
3.9039009,0
3.907118,0
3.9084687,0
3.9116879,0
3.9121013,0
3.9121547,0
3.91237,0
3.9139724,0
3.914012,0
3.9153109,0
3.9168983,0
3.9171672,0
3.9184325,0
3.9212022,0
3.9212224,0
3.9217594,0
3.9221761,0
3.9243596,0
3.9258356,0
3.9262276,0
3.9286284,0
3.9289517,0
3.9300306,0
3.9319556,0
3.9320562,0
3.9337566,0
3.9340918,0
3.936986,0
3.9456327,0
3.9459593,0
3.9464197,0
3.948241,0
3.949489,0
3.9520795,0
3.9545906,0
3.9551756,0
3.9561052,0
3.956971,0
3.9587002,0
3.9589143,0
3.959315,0
3.9596407,0
3.9636645,0
3.9638336,0
3.964525,0
3.9668043,0
3.9685245,0
3.97071,0
3.9722755,0
3.9730647,0
3.973511,0
3.9759972,0
3.9789295,0
3.9822445,0
3.9824698,0
3.9838777,0
3.9844747,0
3.9871676,0
3.987932,0
3.9888635,0
3.9910438,0
3.9951286,0
3.996751,0
3.9970202,0
3.9974203,0
3.9981751,0
3.9990814,0
4.000945,0
4.00501,0
4.0054693,0
4.005983,0
4.00652,0
4.0082245,0
4.0112534,0
4.0114803,0
4.0140934,0
4.0147047,0
4.014941,0
4.015436,0
4.021805,0
4.0231466,0
4.0241947,0
4.0243516,0
4.0269375,0
4.028143,0
4.0283213,0
4.028854,0
4.0306625,0
4.031855,0
4.033324,0
4.0355077,0
4.0356417,0
4.0378504,0
4.0379505,0
4.0380526,0
4.038725,0
4.038805,0
4.041383,0
4.041783,0
4.0459075,0
4.0505533,0
4.0507083,0
4.0513053,0
4.052048,0
4.052413,0
4.0525613,0
4.0526834,0
4.0540466,0
4.0563116,0
4.057807,0
4.063231,0
4.0667963,0
4.0670147,0
4.0672245,0
4.06933,0
4.0704775,0
4.0715594,0
4.072862,0
4.0728827,0
4.074367,0
4.0748386,0
4.075088,0
4.075224,0
4.075374,0
4.0767436,0
4.077615,0
4.078475,0
4.081819,0
4.082651,0
4.084074,0
4.085974,0
4.0876837,0
4.0880013,0
4.089093,0
4.089479,0
4.0907097,0
4.0914836,0
4.0943336,0
4.0947666,0
4.0949054,0
4.095373,0
4.0960665,0
4.096823,0
4.097398,0
4.100061,0
4.1007204,0
4.103497,0
4.1045475,0
4.1046143,0
4.1055584,0
4.106474,0
4.108978,0
4.112118,0
4.112233,0
4.114694,0
4.1154714,0
4.115803,0
4.116666,0
4.1168175,0
4.1176257,0
4.117836,0
4.1194625,0
4.1196747,0
4.1211367,0
4.121291,0
4.1217995,0
4.1226835,0
4.1235905,0
4.1304426,0
4.132197,0
4.134139,0
4.134386,0
4.1360407,0
4.139187,0
4.1392727,0
4.139494,0
4.141883,0
4.1445217,0
4.147104,0
4.15349,0
4.1546245,0
4.155438,0
4.156936,0
4.157242,0
4.1598325,0
4.1615705,0
4.165416,0
4.1666746,0
4.167763,0
4.169397,0
4.1698904,0
4.1720138,0
4.1722174,0
4.1722445,0
4.173661,0
4.1741204,0
4.1760225,0
4.1760383,0
4.178158,0
4.178548,0
4.1868396,0
4.187357,0
4.1905446,0
4.1912093,0
4.193371,0
4.197382,0
4.1979623,0
4.199032,0
4.2013,0
4.201337,0
4.2019873,0
4.2031555,0
4.2031803,0
4.204378,0
4.2052493,0
4.205286,0
4.2055855,0
4.206296,0
4.2131248,0
4.213232,0
4.213908,0
4.2141,0
4.2147384,0
4.2190204,0
4.2223835,0
4.224484,0
4.2261634,0
4.2331543,0
4.233616,0
4.2344036,0
4.2371984,0
4.239985,0
4.240417,0
4.24067,0
4.2419095,0
4.245743,0
4.248547,0
4.2499323,0
4.2511406,0
4.2529283,0
4.2554116,0
4.255449,0
4.255712,0
4.255804,0
4.2561502,0
4.257027,0
4.2573547,0
4.2614665,0
4.262426,0
4.2643237,0
4.2654524,0
4.2660036,0
4.266335,0
4.269212,0
4.269679,0
4.2735124,0
4.273719,0
4.2746406,0
4.27517,0
4.276006,0
4.2763233,0
4.2764983,0
4.279211,0
4.2806525,0
4.283826,0
4.284471,0
4.285852,0
4.2878237,0
4.2894793,0
4.2917404,0
4.293753,0
4.293894,0
4.2980323,0
4.2983947,0
4.3002973,0
4.3010364,0
4.305792,0
4.3071327,0
4.3141494,0
4.315088,0
4.3153853,0
4.3194494,0
4.320634,0
4.321191,0
4.321206,0
4.3232875,0
4.3237505,1
4.325282,0
4.3274674,0
4.329742,0
4.330789,0
4.3332014,0
4.33564,0
4.3363967,0
4.3370233,0
4.341264,0
4.342338,0
4.3452954,0
4.3559937,0
4.35735,0
4.360204,0
4.3633904,0
4.3675966,0
4.369248,0
4.3731227,0
4.3751054,0
4.3793044,0
4.381736,0
4.38208,0
4.3869843,0
4.390241,0
4.3905706,0
4.393422,0
4.396084,0
4.3975067,0
4.398109,0
4.401045,0
4.402565,0
4.4029884,0
4.4043674,0
4.406747,0
4.4073353,0
4.407506,0
4.4148526,0
4.418514,0
4.418662,0
4.4202175,0
4.424358,0
4.4333563,0
4.433476,0
4.433638,0
4.433674,0
4.4345174,0
4.439781,0
4.446062,0
4.447451,0
4.447678,0
4.4483857,0
4.450573,0
4.452729,0
4.4535832,0
4.4572453,0
4.457452,0
4.4601064,0
4.46057,0
4.4650197,0
4.466481,0
4.47044,0
4.4740233,0
4.4767723,0
4.486602,0
4.489046,0
4.490347,0
4.491172,0
4.493973,0
4.501299,0
4.5104575,1
4.516712,0
4.5179863,0
4.5181828,0
4.5217233,0
4.52499,0
4.52524,0
4.5327125,0
4.5394893,0
4.541017,0
4.5426116,0
4.544237,0
4.544463,0
4.545917,0
4.5466833,0
4.547907,0
4.5495553,0
4.551335,0
4.555529,0
4.5559793,0
4.5563235,0
4.5586905,0
4.560741,0
4.5636373,0
4.5669713,0
4.567465,0
4.568274,0
4.570336,0
4.571343,0
4.5723586,0
4.5758705,0
4.584796,0
4.588688,0
4.588922,0
4.5920544,0
4.5938625,0
4.5947046,0
4.597287,0
4.5973024,0
4.59796,0
4.6016064,0
4.6064525,0
4.6090865,0
4.6151686,0
4.623338,0
4.6305094,0
4.631593,0
4.6356454,0
4.6434484,0
4.6449747,0
4.645542,0
4.649226,0
4.6543145,0
4.6589093,0
4.6634855,0
4.6658516,0
4.6749268,0
4.6774263,0
4.6786585,0
4.682504,0
4.6839767,0
4.6865187,0
4.6878824,0
4.6879377,0
4.6927557,0
4.6969743,0
4.6986914,0
4.700656,0
4.70193,0
4.701939,0
4.707322,0
4.7127194,0
4.7140827,0
4.718285,0
4.7206583,0
4.721984,0
4.722649,0
4.723875,0
4.7240562,0
4.7261777,0
4.7291145,0
4.7314534,0
4.731871,0
4.737853,0
4.7379646,0
4.7452474,0
4.7607174,0
4.760958,0
4.7647634,0
4.7668805,0
4.768797,0
4.7725863,0
4.7758904,0
4.7762146,0
4.7802496,0
4.7805047,0
4.787564,0
4.794119,0
4.7942333,0
4.7981553,0
4.803188,0
4.803844,0
4.8039827,0
4.8055162,0
4.807304,0
4.816471,0
4.817636,0
4.8233724,0
4.824737,0
4.8262935,0
4.8297453,0
4.835343,0
4.835649,0
4.8363156,0
4.8426604,0
4.8471513,0
4.8509912,0
4.851484,0
4.852684,0
4.8667088,0
4.867518,0
4.870355,0
4.8765564,0
4.8774595,0
4.87786,0
4.878381,0
4.883121,0
4.890087,0
4.893354,0
4.8951044,0
4.9017954,0
4.90212,0
4.9091263,0
4.916065,0
4.9178715,0
4.91898,0
4.9303293,0
4.934336,0
4.936653,0
4.93776,0
4.939346,0
4.943595,0
4.9489126,0
4.950733,0
4.951847,0
4.9554424,0
4.956812,0
4.9582214,0
4.960848,0
4.9671497,0
4.968273,0
4.9690585,0
4.9794154,0
4.990909,0
4.9929676,0
4.9946523,0
4.996106,0
4.997661,0
4.997718,0
5.0071373,0
5.014822,0
5.0151258,0
5.017231,0
5.026444,0
5.033229,0
5.036058,0
5.038292,0
5.038935,0
5.040121,0
5.0409203,0
5.0426774,0
5.0438075,0
5.048958,0
5.0509024,0
5.058009,0
5.0592384,0
5.0656843,0
5.0840626,0
5.0865245,0
5.088435,0
5.0885205,0
5.090753,0
5.092677,0
5.0998425,0
5.111909,0
5.1126485,0
5.1286497,0
5.1480045,0
5.164395,0
5.16972,0
5.1751633,0
5.176693,0
5.1799135,0
5.1836524,0
5.18434,0
5.187815,0
5.1927805,0
5.1952004,0
5.209571,0
5.214053,0
5.220502,0
5.2259655,0
5.227987,0
5.242706,0
5.2612257,0
5.2626653,0
5.264011,0
5.2640634,0
5.266765,0
5.27685,0
5.281745,0
5.283336,0
5.286605,0
5.28871,0
5.297584,0
5.2996526,0
5.3045716,0
5.316527,0
5.3191214,0
5.319705,0
5.3271723,0
5.3332453,0
5.337538,0
5.343394,0
5.347363,0
5.3502164,0
5.355243,0
5.3596873,0
5.361348,0
5.3658686,0
5.3776507,0
5.3940916,0
5.3977036,0
5.4067082,0
5.407523,0
5.40821,0
5.426389,0
5.430279,0
5.432887,0
5.445943,0
5.455535,0
5.459452,0
5.4777455,0
5.482306,0
5.4838395,0
5.489623,0
5.49625,0
5.4964,0
5.496952,0
5.4990873,0
5.5167866,0
5.5183463,0
5.530589,0
5.533019,0
5.541884,0
5.5468206,0
5.5468483,0
5.5490932,0
5.5758734,0
5.5833254,0
5.600897,0
5.6060996,0
5.6385036,0
5.64668,0
5.658713,0
5.669667,0
5.6795645,0
5.681336,0
5.6934824,0
5.7398515,0
5.740787,0
5.762254,0
5.773345,0
5.783488,0
5.7943225,0
5.8255777,0
5.8406143,0
5.8537707,0
5.857177,0
5.866087,0
5.8730288,0
5.8876505,0
5.91779,0
5.9217806,0
5.932285,0
5.937991,0
5.9576664,0
5.9634037,0
6.0256505,0
6.0711784,0
6.0776362,0
6.180111,0
6.1926227,0
6.213713,0
6.2176876,0
6.298703,0
6.302407,0
6.3056035,0
6.332364,0
6.3348255,0
6.353494,0
6.37207,0
6.436975,0
6.4508553,0
6.4634686,0
6.493684,0
6.516056,0
6.5448513,0
6.554238,0
6.7274914,0
6.8143616,0
6.834716,0
6.852663,0
6.906787,0
6.950284,0
6.9650526,0
7.052984,0
7.1854258,0
7.6061506,0
